problem,basis,degree,cv_mse,cv_se,mean_selected_terms,max_iter,fold_1_mse,fold_2_mse,fold_3_mse,fold_4_mse,fold_5_mse
1,monomial,5,0.3272475441378725,0.014583272874456,111.6,155,0.3150344126001855,0.2841771170367609,0.3244278577575598,0.3729315223108503,0.3396668109840062
1,monomial,6,0.4143063258363718,0.0223980797118532,170.8,406,0.4775321156987172,0.4154691275654666,0.4264626255413604,0.4144870404593453,0.337580719916969
1,legendre,5,0.3551760887224431,0.0163600224167507,139.0,500,0.3772581281979662,0.3031296690762232,0.3380684545030504,0.3981543435523141,0.3592698482826616
2,monomial,8,0.505814597468485,0.13553129900475433,141.4,246,1.027428447245775,0.36269415373221403,0.2972581645504698,0.5127022957150272,0.328989926098939
2,monomial,9,0.3516780627621755,0.07007408152072492,194.8,328,0.6255658648748863,0.334642024554012,0.2571921686636536,0.2505720099684826,0.2904182457498428
2,monomial,10,0.31254670291223974,0.034664212016072775,254.4,500,0.4396718451659078,0.30568668758175216,0.24858783734123885,0.251618915321884,0.31716822915041587
2,legendre,8,0.3514568195389401,0.057557200683186746,133.0,48,0.2960486043926904,0.31772262007905383,0.24967506074810517,0.5762692330143343,0.3175685794605168
2,legendre,9,0.4690419438148322,0.15963277608800364,150.0,87,0.33341003333654395,0.33486248588199724,0.26282626215823485,1.1054438085380784,0.3086671291593066
2,legendre,10,0.33692562663331577,0.01930713249578738,160.6,149,0.34820044372320846,0.3529487234544801,0.2726216826661024,0.3889825224507285,0.3218747608720593
