problem,candidate,degree,cv_mse,fold_mse_sd,mean_active_terms,components,spec,fold_1_mse,fold_2_mse,fold_3_mse,fold_4_mse,fold_5_mse,fold_6_mse,fold_7_mse,fold_8_mse,fold_9_mse,fold_10_mse,fold_11_mse,fold_12_mse,fold_13_mse,fold_14_mse,fold_15_mse
1,lasso5_005,5,0.30697838815854656,0.028680405556837336,162.86666666666667,1,"{""method"": ""lasso"", ""basis"": ""monomial"", ""degree"": 5, ""alpha"": 0.005, ""relax"": 0.0}",0.29192847090213636,0.25749787607844604,0.31718590947359065,0.35742852455912283,0.3068051435961089,0.30517570803254557,0.28384734176285387,0.31552981253183576,0.34066782512463767,0.2981605674097606,0.2809439382390095,0.2618000560913525,0.3236790768594422,0.3396375832157703,0.3243879885015861
1,lasso5_008,5,0.3015181389393213,0.026496765111912766,132.33333333333334,1,"{""method"": ""lasso"", ""basis"": ""monomial"", ""degree"": 5, ""alpha"": 0.008, ""relax"": 0.0}",0.2835496455892593,0.2639936302798221,0.320697515058017,0.3535447455029382,0.29389559168485946,0.29985015989193026,0.2763363457952695,0.3067682025364265,0.33067631960129884,0.2922639365809222,0.27842280009537507,0.26047580772358814,0.32501793654565664,0.32072678419211254,0.3165526630123437
1,lasso5_010,5,0.30391656398798506,0.026279225434540948,119.86666666666666,1,"{""method"": ""lasso"", ""basis"": ""monomial"", ""degree"": 5, ""alpha"": 0.01, ""relax"": 0.0}",0.2805556253870016,0.27232853892613945,0.3254093118957776,0.3570146662075637,0.2904853888748341,0.3012101433917415,0.27791217077735003,0.3088217930349314,0.3279769200427723,0.2969560179318099,0.2829649695610799,0.26392622454576176,0.32868225781124594,0.32080394895554915,0.32370048247621713
1,relaxed5_015,5,0.30202449027719286,0.024094551108136884,99.53333333333333,1,"{""method"": ""lasso"", ""basis"": ""monomial"", ""degree"": 5, ""alpha"": 0.015, ""relax"": 0.5}",0.2852130178429155,0.27160096862444544,0.3167938874405226,0.3515578121065344,0.29678175150249364,0.30147511992925236,0.2683020831516568,0.3101026034673954,0.3232699583267154,0.2941709128947866,0.28261367507529533,0.2685671446636612,0.32060438808029695,0.3241996239859619,0.3151144070659597
1,relaxed5_020,5,0.30728875090274654,0.025154495461581845,89.66666666666667,1,"{""method"": ""lasso"", ""basis"": ""monomial"", ""degree"": 5, ""alpha"": 0.02, ""relax"": 0.5}",0.2853194418250182,0.27494738375706357,0.3339333161946859,0.35984288905899714,0.2914380971724192,0.30728390824165314,0.2888736350264144,0.31268631392655827,0.3128692676082347,0.2988636897591867,0.285929384966714,0.27229439400105604,0.331698356705156,0.3193263334340436,0.33402485186399733
1,refit5_030,5,0.3205942260024455,0.03568864202460221,75.86666666666666,1,"{""method"": ""lasso"", ""basis"": ""monomial"", ""degree"": 5, ""alpha"": 0.03, ""relax"": 1.0}",0.2934249938245722,0.2772572476424694,0.3210364443829171,0.3718785030765478,0.31122801572142667,0.3243809709147971,0.26014179115084823,0.3193293013810834,0.3561084770628705,0.31202974043899095,0.2803631557534554,0.3003767313432526,0.340371890773414,0.37734762863448,0.36363849793555697
1,lasso6_010,6,0.3245725968341478,0.029279248719941118,152.0,1,"{""method"": ""lasso"", ""basis"": ""monomial"", ""degree"": 6, ""alpha"": 0.01, ""relax"": 0.0}",0.29676853295790584,0.30935763400481336,0.3425051759769765,0.3562136517673217,0.3038386179622632,0.3227841926728381,0.2987390434310667,0.32540852125540864,0.3646394071161213,0.312307996791967,0.3107640079908681,0.270675402412602,0.3278334877952866,0.3446699036972557,0.3820833766795223
1,ard5,5,0.31541098547760593,0.029954144725912374,109.6,1,"{""method"": ""ard"", ""basis"": ""monomial"", ""degree"": 5}",0.31503441260018683,0.2841771170367681,0.32442785775756056,0.37293152231088034,0.3396668109840249,0.32206883963099175,0.28738404049651506,0.29528564016874415,0.32414107023994826,0.29188007718344944,0.2768501961685613,0.2834028516898123,0.3394432903696643,0.3664000709754053,0.3080709845515763
1,ridge5_legendre,5,0.45755869376853736,0.054652387299745996,461.0,1,"{""method"": ""ridge"", ""basis"": ""legendre"", ""degree"": 5, ""alpha"": 0.1, ""penalty"": 2.0}",0.488735461793233,0.39924404098863225,0.3984327317527231,0.52852612074428,0.46873629306435893,0.4398902347192742,0.4180094948845719,0.43706964385927644,0.5335329454744435,0.5243029982624998,0.4429901207405206,0.36765791653387353,0.474467221061256,0.4103628305801217,0.5314223520689956
1,average_lasso_ard,5,0.2993067543815013,0.027033063449651527,,2,"{""components"": [{""method"": ""lasso"", ""basis"": ""monomial"", ""degree"": 5, ""alpha"": 0.008, ""relax"": 0.0}, {""method"": ""ard"", ""basis"": ""monomial"", ""degree"": 5}], ""weights"": [1.0, 1.0]}",0.2930911912391228,0.25806493259677776,0.3155214590100944,0.35299084998187213,0.30769123245052704,0.3042943883498495,0.2753453577588198,0.2922179353123939,0.317571495699389,0.2847587026812053,0.27193941011320905,0.25974871244365255,0.32005334392045615,0.33586121075062403,0.300451093414526
1,average_lasso_relaxed,5,0.3007870548570907,0.025208074082989196,,2,"{""components"": [{""method"": ""lasso"", ""basis"": ""monomial"", ""degree"": 5, ""alpha"": 0.008, ""relax"": 0.0}, {""method"": ""lasso"", ""basis"": ""monomial"", ""degree"": 5, ""alpha"": 0.015, ""relax"": 0.5}], ""weights"": [1.0, 1.0]}",0.2834795945522103,0.2665209024809598,0.31831136319559244,0.3515008301795909,0.2943383529230161,0.29997911727532056,0.27089979576258066,0.30765982272915793,0.3252100571415909,0.2921199039763117,0.2799455722961148,0.26360494971730764,0.32191079454721405,0.32150417747026505,0.31482058860912776
2,ridge12_legendre,12,0.30872794028978334,0.05434601508123858,454.0,1,"{""method"": ""ridge"", ""basis"": ""legendre"", ""degree"": 12, ""alpha"": 0.01, ""penalty"": 2.0}",0.26555807329629433,0.3393542300387685,0.24452081537089326,0.3903298687633864,0.278141572107355,0.2521345140320153,0.32235890483047547,0.3162046013415303,0.3265986868137402,0.2644656689693726,0.31596474961914317,0.24632456721729526,0.27407089300823734,0.38701016754111195,0.40788179139713093
2,ridge14_legendre,14,0.31056394070387205,0.05335167791618223,679.0,1,"{""method"": ""ridge"", ""basis"": ""legendre"", ""degree"": 14, ""alpha"": 0.01, ""penalty"": 2.0}",0.2650433037210572,0.34133772524898454,0.24844239933507256,0.3966312280809544,0.2836406263617531,0.25097003543557433,0.32709176293426484,0.3297975714695439,0.32309629564905556,0.25821453713577236,0.3250215723905834,0.25017783061027693,0.2784473569128828,0.3990111967074751,0.38153566856483007
2,ridge11_legendre,11,0.30684076970441193,0.058861790943376596,363.0,1,"{""method"": ""ridge"", ""basis"": ""legendre"", ""degree"": 11, ""alpha"": 0.01, ""penalty"": 2.0}",0.27497944882417613,0.3345561038241248,0.25085214957374635,0.42844396431020915,0.26490079542222145,0.26121865076690126,0.2970825829938611,0.30637516518765084,0.3114413110089297,0.26794770298645726,0.3099453118885971,0.23753883109067725,0.26200199347534897,0.39537905843562615,0.39994847577765097
2,ridge8_legendre,8,0.31211839578044853,0.06221238701828527,164.0,1,"{""method"": ""ridge"", ""basis"": ""legendre"", ""degree"": 8, ""alpha"": 0.31622776601683794, ""penalty"": 1.0}",0.3513603981841379,0.3171132540135015,0.24546940922628865,0.3853351564699783,0.2870262640342009,0.25524667837917836,0.30928660001386143,0.3281019770202153,0.312600006319364,0.2579720848892527,0.30552301977009527,0.22470524099830244,0.2691682202501154,0.36918222412238394,0.4636854030158527
2,relaxed9_001,9,0.2910132877707156,0.04583198635337628,118.4,1,"{""method"": ""lasso"", ""basis"": ""monomial"", ""degree"": 9, ""alpha"": 0.001, ""relax"": 0.5}",0.37443294090579393,0.29557114020463154,0.24522804554786054,0.3322672531330232,0.29599005892420777,0.25129281093921696,0.25031243352406385,0.271031956521033,0.36571568295895673,0.2701157558233482,0.2952221516032366,0.21289354748911574,0.2696512236972498,0.29594640183189697,0.3395279134571008
2,refit12_003,12,0.31729901975013636,0.06509806144328696,113.66666666666667,1,"{""method"": ""lasso"", ""basis"": ""monomial"", ""degree"": 12, ""alpha"": 0.003, ""relax"": 1.0}",0.315305139496837,0.30022801449718184,0.2447129307591954,0.45419486635640355,0.27724863591750487,0.24874348368429025,0.355238759770395,0.3117604907016801,0.38016912631583366,0.25824200535991093,0.2951551958694782,0.2465581066552553,0.2788168173559236,0.40819252175566145,0.38491920175649474
2,refit8_legendre,8,0.3224347181331723,0.042428132696965895,125.46666666666667,1,"{""method"": ""lasso"", ""basis"": ""legendre"", ""degree"": 8, ""alpha"": 0.02, ""relax"": 1.0}",0.3011808033151366,0.3583822878973745,0.26131176289368596,0.3510087804144141,0.32555760645271226,0.2634636140669955,0.36861502738514595,0.3805521928933634,0.35214803373371456,0.2846794335846618,0.3136535666699019,0.2728395933262977,0.3178358610685903,0.2966856968348,0.3886065114607903
2,refit9_legendre,9,0.316152467498558,0.042960612004919636,151.46666666666667,1,"{""method"": ""lasso"", ""basis"": ""legendre"", ""degree"": 9, ""alpha"": 0.015, ""relax"": 1.0}",0.30611415708401746,0.34471601900212445,0.28925613445302617,0.32357618821596923,0.33204209341517227,0.25746259305151653,0.388949908433353,0.32959301843304295,0.36150080945713947,0.2781345735160806,0.3127287475216501,0.2640181616500453,0.27604514613948317,0.2839596921494428,0.39418976995630656
2,lasso9_0005,9,0.29436321118741726,0.05362437750975883,133.53333333333333,1,"{""method"": ""lasso"", ""basis"": ""monomial"", ""degree"": 9, ""alpha"": 0.0005, ""relax"": 0.0}",0.39895507816169395,0.28558576534140073,0.23909820198467444,0.3578034928393271,0.2858673363062252,0.24380341472806819,0.2556089524936752,0.27078590410277326,0.365471611150616,0.2717460252109316,0.29154945585344916,0.21170311949059267,0.26786728835452367,0.31139900512408436,0.3582035166692231
2,average_ridge_lasso,12,0.2781193008012439,0.040501105501661624,,2,"{""components"": [{""method"": ""ridge"", ""basis"": ""legendre"", ""degree"": 12, ""alpha"": 0.01, ""penalty"": 2.0}, {""method"": ""lasso"", ""basis"": ""monomial"", ""degree"": 9, ""alpha"": 0.001, ""relax"": 0.5}], ""weights"": [1.0, 1.0]}",0.29341894739541985,0.2982195844952054,0.23152236900286977,0.34730835418960615,0.26176972367187334,0.23923758726670213,0.2612596838449134,0.26630588924608645,0.3171001875259507,0.2563166618663294,0.2911974373970622,0.2115222621411749,0.24123736439932658,0.3156420394107851,0.3397314201653539
2,average_three,12,0.2783585195276734,0.035818144204108865,,3,"{""components"": [{""method"": ""ridge"", ""basis"": ""legendre"", ""degree"": 12, ""alpha"": 0.01, ""penalty"": 2.0}, {""method"": ""lasso"", ""basis"": ""monomial"", ""degree"": 9, ""alpha"": 0.001, ""relax"": 0.5}, {""method"": ""lasso"", ""basis"": ""legendre"", ""degree"": 8, ""alpha"": 0.02, ""relax"": 1.0}], ""weights"": [1.0, 1.0, 1.0]}",0.27339030085398724,0.3012883355455144,0.23178732224292906,0.33279508318704726,0.2743575098912476,0.23715775112912735,0.28500195559597374,0.2836732570427579,0.30457561878546113,0.25497364743986894,0.2911747773311758,0.2153235993233717,0.2521057998447064,0.2949436597007388,0.34282917500119386
