problem,basis,degree,alpha,relax,cv_mse,cv_se,mean_selected_terms,candidate_terms,fold_1_mse,fold_2_mse,fold_3_mse,fold_4_mse,fold_5_mse
1,monomial,4,1.0,0.0,7.411463940197793,0.5476678827433276,6.2,209,5.801455799190924,6.464955013409022,8.732100435084927,8.068235182717174,7.990573270586912
1,monomial,4,1.0,0.5,4.165208086564593,0.18808225236243079,6.2,209,3.6082933816477647,3.932840037040788,4.715417914536632,4.36233638957685,4.20715271002093
1,monomial,4,1.0,1.0,3.0386531093546525,0.10164572667203069,6.2,209,2.9861389672175407,3.2054564145168682,3.2056551717363364,3.131035318693076,2.664979674609442
1,monomial,4,0.3,0.0,2.605019793120855,0.21116440665539774,21.2,209,2.2617217881916347,2.7717922296992104,3.223350202771936,2.7489552217781026,2.0192795231633935
1,monomial,4,0.3,0.5,1.7738419167384805,0.18724750276510893,21.2,209,1.5509613589035527,1.8714811387429957,2.3364562256889485,1.8941546673879066,1.216156192968999
1,monomial,4,0.3,1.0,1.4949019087489077,0.1529172009810193,21.2,209,1.2954508902664201,1.453342975846335,1.9644782205060607,1.68023711111754,1.081000346008183
1,monomial,4,0.1,0.0,1.0984109801416098,0.11061802379988864,41.6,209,0.9113468279230552,1.1453378809834804,1.4489156378327517,1.1700761882576263,0.8163783657111352
1,monomial,4,0.1,0.5,0.8566679131265493,0.06276959781982908,41.6,209,0.7007227415614887,0.8440970751145788,1.0161157390951456,0.9813244435577619,0.7410795663037713
1,monomial,4,0.1,1.0,0.7796135053085991,0.051518545261602676,41.6,209,0.620752954967451,0.7528661973859234,0.7882245941737329,0.9435871778225773,0.7926366021933106
1,monomial,4,0.06,0.0,0.873008289632114,0.07177788498801707,50.6,209,0.7092232150502513,0.8659162018364572,1.0917243530519163,0.9656745382289407,0.7325031399930042
1,monomial,4,0.06,0.5,0.7662266327136149,0.06027081128669478,50.6,209,0.5829600709494361,0.7474952032626174,0.9160033027329415,0.8787008581904512,0.7059737284326278
1,monomial,4,0.06,1.0,0.7468071684862985,0.0583636521975517,50.6,209,0.545265238721598,0.7186465691802195,0.8351865410889049,0.8842411900315461,0.7506963034092233
1,monomial,4,0.03,0.0,0.7211016496198266,0.05495382129506169,68.8,209,0.5580028639032353,0.6809249423349746,0.8511502747000206,0.837054026761229,0.6783761403996734
1,monomial,4,0.03,0.5,0.6734674679002856,0.04389919513479406,68.8,209,0.5237979352025874,0.6460483573899009,0.7362567969659255,0.7801920358604681,0.6810422140825458
1,monomial,4,0.03,1.0,0.6782233525834044,0.037390889779951794,68.8,209,0.5543749281389401,0.6590104005891756,0.6758969308032159,0.7798981491535424,0.7219363542321481
1,monomial,4,0.01,0.0,0.641555123346681,0.03622612479297595,104.0,209,0.5365093325369894,0.583216930917273,0.6936054482596804,0.7353129713060038,0.6591309337134581
1,monomial,4,0.01,0.5,0.6473426234219103,0.034819644046407416,104.0,209,0.5608207478325088,0.5709266344650998,0.6993508024681804,0.7349412930241888,0.670673639319574
1,monomial,4,0.01,1.0,0.6784908537187648,0.036222840602193176,104.0,209,0.6067720985136811,0.580238086957998,0.7340398893778339,0.7658081556690173,0.7055960380752937
1,monomial,4,0.003,0.0,0.6701965581853895,0.04363369890643213,157.4,209,0.5754597348634771,0.5787856480735956,0.712330754167762,0.8077843206090993,0.676622333213013
1,monomial,4,0.003,0.5,0.7124939652359513,0.05302324424342926,157.4,209,0.6033258154212925,0.6127637349194949,0.7463901436166263,0.8946091470174309,0.7053809852049121
1,monomial,4,0.003,1.0,0.7781715048520761,0.06668180184485833,157.4,209,0.6473684862515436,0.6651907139204424,0.8008032713902244,1.0193018354203276,0.7581932172778425
1,monomial,5,1.0,0.0,7.379761746945411,0.5374597641162895,7.4,461,5.785000986043085,6.50004654075278,8.729721506625442,7.994171213212487,7.889868488093261
1,monomial,5,1.0,0.5,4.2142876405994,0.24278788599713746,7.4,461,3.5761423708615565,3.99866340040328,5.056184156991575,4.310600365409366,4.129847909331227
1,monomial,5,1.0,1.0,3.074014558121428,0.16858116072297252,7.4,461,2.935434696811433,3.0730972029999064,3.6201463482692646,3.1607413756958285,2.5806531668307096
1,monomial,5,0.3,0.0,2.4108096783412654,0.248847599691418,23.8,461,1.9521581593036668,2.5654253307407484,3.2073413871961605,2.5170504102768314,1.8120731041889209
1,monomial,5,0.3,0.5,1.5219711299975567,0.22204858231218155,23.8,461,1.1295499774718614,1.7087739131935478,2.252303770637859,1.5107847710405902,1.008443217643925
1,monomial,5,0.3,1.0,1.2121911654530084,0.16481744145003258,23.8,461,0.8669465482779298,1.2657728574615592,1.770422610860324,1.2713636564256976,0.886450154239531
1,monomial,5,0.1,0.0,0.8335516772215226,0.10867988974815851,48.4,461,0.6405712308402187,0.8744505766829732,1.1981498162359991,0.8718595288716864,0.582727233476735
1,monomial,5,0.1,0.5,0.5881798939681055,0.05862423470985584,48.4,461,0.4840056316636776,0.6512861493683694,0.7597150110665909,0.6122945668606218,0.433598110881268
1,monomial,5,0.1,1.0,0.5069699390532573,0.03772419871647818,48.4,461,0.4695071264823917,0.6341428432641332,0.5227857264508193,0.5045453486359619,0.40386865043297987
1,monomial,5,0.06,0.0,0.5629651489111223,0.0623010041882864,59.8,461,0.4345065652061793,0.5965860884582589,0.7402129530755904,0.6339737620039949,0.40954637581158726
1,monomial,5,0.06,0.5,0.40224159905521084,0.03922359150523641,59.8,461,0.3002887511634896,0.4183475821664967,0.4639350305882085,0.503812011163706,0.32482462019415353
1,monomial,5,0.06,1.0,0.3571714833976586,0.02955066948830446,59.8,461,0.29513829691663507,0.36928193025844186,0.3453400401914643,0.4636239993858033,0.3124731502359481
1,monomial,5,0.03,0.0,0.37684852350598863,0.03130844069067837,74.8,461,0.29574924523389784,0.3730118589542827,0.4431404607957724,0.45114796781115263,0.3211930847348373
1,monomial,5,0.03,0.5,0.32667326304390953,0.021408811953887722,74.8,461,0.2736177863086559,0.3044397034452399,0.35605732288941955,0.394013099684368,0.3052384028918642
1,monomial,5,0.03,1.0,0.3149650409295858,0.01608698351886255,74.8,461,0.29342499382457043,0.27725724764246856,0.3210364443829158,0.371878503076545,0.3112280157214296
1,monomial,5,0.01,0.0,0.30515870625826275,0.015807538279880753,118.2,461,0.2805556253869971,0.27232853892614034,0.32540931189577826,0.3570146662075653,0.2904853888748327
1,monomial,5,0.01,0.5,0.3074386885078823,0.013898532757579551,118.2,461,0.2947406844470758,0.26745593947529195,0.3193712739576879,0.3515922966128386,0.30403324804651743
1,monomial,5,0.01,1.0,0.32729830019077016,0.01362685000089139,118.2,461,0.3255429416293755,0.2818342309377479,0.32914794342534454,0.3674635827181453,0.33250280224323747
1,monomial,5,0.003,0.0,0.3256318458879246,0.01763635100557853,205.0,461,0.31166324201674467,0.2762412703342467,0.33368216830945857,0.3848451413338242,0.32172740744534856
1,monomial,5,0.003,0.5,0.36191621558040604,0.022064509642895965,205.0,461,0.35657702590652834,0.3054998301821975,0.35573415291642707,0.4415991297500869,0.3501709391467903
1,monomial,5,0.003,1.0,0.4287286851270767,0.02831337026050185,205.0,461,0.43461992126452104,0.3711960345571802,0.3962601591136732,0.5344106148206358,0.407156695879373
1,monomial,6,1.0,0.0,7.379761746945411,0.5374597641162895,7.4,923,5.785000986043085,6.50004654075278,8.729721506625442,7.994171213212487,7.889868488093261
1,monomial,6,1.0,0.5,4.2142876405994,0.24278788599713746,7.4,923,3.5761423708615565,3.99866340040328,5.056184156991575,4.310600365409366,4.129847909331227
1,monomial,6,1.0,1.0,3.074014558121428,0.16858116072297252,7.4,923,2.935434696811433,3.0730972029999064,3.6201463482692646,3.1607413756958285,2.5806531668307096
1,monomial,6,0.3,0.0,2.416010637215396,0.25100207934969576,24.0,923,1.9482960330256227,2.565425330740748,3.212188966726611,2.5450900082745087,1.809052847309489
1,monomial,6,0.3,0.5,1.5217658832640384,0.2258998437715858,24.0,923,1.1172146103467449,1.7087739131935478,2.258623347486877,1.5306031858789104,0.9936143594141115
1,monomial,6,0.3,1.0,1.2095979744263086,0.16369207996597435,24.0,923,0.9147740788541089,1.2657728574615592,1.7707011884813653,1.2471169693849973,0.8496247779495117
1,monomial,6,0.1,0.0,0.8328115252401573,0.10586353718263061,53.2,923,0.6422104004199192,0.8928902054911315,1.1716476414710653,0.8830831954079084,0.5742261834107624
1,monomial,6,0.1,0.5,0.6017715332923139,0.056104308679862346,53.2,923,0.46530254129414705,0.690915847294087,0.7386397154454482,0.6395874791441607,0.4744120832837269
1,monomial,6,0.1,1.0,0.5272552757614893,0.03770293007337786,53.2,923,0.4323633836736941,0.6621002407803014,0.5181966643900211,0.5302916949179087,0.4933243950455216
1,monomial,6,0.06,0.0,0.583370424102243,0.0633243469757243,71.0,923,0.4551962051086578,0.6374807180244969,0.749890851104466,0.657224955190302,0.4170593910832924
1,monomial,6,0.06,0.5,0.4286488573596582,0.04142719501933028,71.0,923,0.3275581938081809,0.46218145970114016,0.48604780327454106,0.5328098190707248,0.3346470109437042
1,monomial,6,0.06,1.0,0.3862271828108577,0.032095666330579545,71.0,923,0.31845039077818543,0.40269373439834427,0.3889047069147763,0.49583145161354486,0.3252556303494375
1,monomial,6,0.03,0.0,0.39512241782793234,0.03227056821325775,92.8,923,0.31084668164979,0.41261459358784175,0.4591611308053337,0.46473959109513857,0.3282500920015577
1,monomial,6,0.03,0.5,0.3471911914208724,0.017395075733336204,92.8,923,0.3104131172498393,0.34265372463812166,0.3752156196327173,0.3974536162905956,0.3102198792930882
1,monomial,6,0.03,1.0,0.34208672930481576,0.010925026719306442,92.8,923,0.3633098569052372,0.31730658648700255,0.3417924581919708,0.3696555465563224,0.31836919838354616
1,monomial,6,0.01,0.0,0.3217367225338529,0.011655431734932397,149.0,923,0.2967685329579111,0.3093576340048065,0.3425051759769663,0.3562136517673135,0.30383861796226685
1,monomial,6,0.01,0.5,0.33039346017316423,0.008309368921141242,149.0,923,0.32184914044889557,0.3113157038020969,0.3388945452925379,0.3585129353406695,0.3213949759816212
1,monomial,6,0.01,1.0,0.36546840844683737,0.008317207248334055,149.0,923,0.374997736807959,0.3406835743209372,0.35553259997592923,0.3895183481729723,0.3666097829563891
1,monomial,6,0.003,0.0,,,0.0,923,,,,,
1,monomial,6,0.003,0.5,,,0.0,923,,,,,
1,monomial,6,0.003,1.0,,,0.0,923,,,,,
1,monomial,8,1.0,0.0,7.350848950292681,0.5213630725827567,7.0,3002,5.762710111285848,6.546660406956477,8.632537125311593,7.969416405528508,7.842920702380977
1,monomial,8,1.0,0.5,4.1619021375744625,0.23122261059904534,7.0,3002,3.4709422636042278,4.114167247687242,4.910556586922769,4.277422634452402,4.036421955205669
1,monomial,8,1.0,1.0,2.9945758744814674,0.18311935032705648,7.0,3002,2.724220395695351,3.242257672734533,3.4456132572002445,3.127548974313682,2.4332390724635258
1,monomial,8,0.3,0.0,2.415834924013477,0.2420265720623877,27.6,3002,1.9309612966791985,2.5970880240192233,3.172168940377881,2.5279055831229527,1.8510507758681292
1,monomial,8,0.3,0.5,1.5006584730345187,0.1874395603503987,27.6,3002,1.2326256720127151,1.7035006374996045,2.0350779812945228,1.5774867861349955,0.9546012882307557
1,monomial,8,0.3,1.0,1.177314899788482,0.12112442192088008,27.6,3002,1.0798419090600693,1.2290464580059335,1.4974372596395047,1.3057600904982956,0.7744887817386059
1,monomial,8,0.1,0.0,0.8365580427055829,0.09945299841818395,60.6,3002,0.6520815437323304,0.9159811829382205,1.1127820808475781,0.9333582068404069,0.5685871991693783
1,monomial,8,0.1,0.5,0.6075026215519093,0.06235764066700799,60.6,3002,0.4713777515982783,0.7040344422548899,0.724120310005423,0.6981317971806748,0.43984880672028054
1,monomial,8,0.1,1.0,0.5288874690868897,0.0450407381641234,60.6,3002,0.4314151068178088,0.668489487981961,0.5199315157592355,0.5863050781350925,0.43829615674035016
1,monomial,8,0.06,0.0,0.581053127950267,0.06424596120915638,83.0,3002,0.44059041777887414,0.6391740328309418,0.7155546575606029,0.6963806174608329,0.4135659141200835
1,monomial,8,0.06,0.5,0.42470567381550445,0.04333330829130004,83.0,3002,0.31162843138973073,0.46035354794284356,0.47380399323817457,0.5405724994486768,0.3371698970580967
1,monomial,8,0.06,1.0,0.38102242232609074,0.03135867771306753,83.0,3002,0.3016754935266944,0.3953159761057782,0.3859073770295922,0.4863831573261474,0.3358301076422414
1,monomial,8,0.03,0.0,0.4007144400820729,0.03620915005083284,110.2,3002,0.3041499509637703,0.4158180581186299,0.4597466164349299,0.4923430588572124,0.3315145160358219
1,monomial,8,0.03,0.5,0.3578112381933604,0.024220176281319068,110.2,3002,0.29318914270804936,0.34441012757205,0.3915122277713697,0.4312497667010079,0.32869492621432506
1,monomial,8,0.03,1.0,0.36276625811839314,0.013888528402957246,110.2,3002,0.3498354524860954,0.3216913488167545,0.3816557278939873,0.4030189076825382,0.3576298537125905
1,monomial,8,0.01,0.0,,,148.4,3002,0.3144278416801895,0.3214216376796946,0.362012741594098,,0.32545118151702884
1,monomial,8,0.01,0.5,,,148.4,3002,0.366339818573837,0.35578076985913065,0.38571182562119316,,0.3443446406049263
1,monomial,8,0.01,1.0,,,148.4,3002,0.4600961994979028,0.4419150893350242,0.4477314351412563,,0.3875521230871846
1,monomial,8,0.003,0.0,,,0.0,3002,,,,,
1,monomial,8,0.003,0.5,,,0.0,3002,,,,,
1,monomial,8,0.003,1.0,,,0.0,3002,,,,,
1,monomial,10,1.0,0.0,7.350360464331037,0.5212480282935937,7.0,8007,5.762710111285848,6.546660406956478,8.632537125311593,7.969416405528508,7.8404782725727555
1,monomial,10,1.0,0.5,4.163007898261578,0.23107518869968965,7.0,8007,3.4709422636042278,4.114167247687243,4.910556586922769,4.277422634452402,4.0419507586412475
1,monomial,10,1.0,1.0,2.995799733256301,0.1821831381031481,7.0,8007,2.724220395695351,3.242257672734533,3.4456132572002445,3.127548974313682,2.439358366337692
1,monomial,10,0.3,0.0,2.423177012341088,0.24203646483453287,30.6,8007,1.9289559209558136,2.5983201526978568,3.184409740886275,2.5333681768436285,1.8708310703218651
1,monomial,10,0.3,0.5,1.4813628471223603,0.19237030705182093,30.6,8007,1.2256962375072762,1.59009944597959,2.0939071435063124,1.5479958410470789,0.9491155675715438
1,monomial,10,0.3,1.0,1.1722871702535331,0.12639335110352157,30.6,8007,1.1044706454497764,1.136083414146345,1.5780466839696725,1.2488287736629133,0.7940063340389589
1,monomial,10,0.1,0.0,0.8354392688610442,0.09842670788242978,62.8,8007,0.6480804271807059,0.9179859281235702,1.1023862528712645,0.9379944575853083,0.570749278544373
1,monomial,10,0.1,0.5,0.6095268127573116,0.06358840925793942,62.8,8007,0.46004819529088153,0.7102026350739127,0.7224826242181851,0.7070138362505862,0.44788677295299184
1,monomial,10,0.1,1.0,0.534272059750151,0.04756477036062711,62.8,8007,0.4117522796579644,0.6767700223835905,0.539754799940713,0.5907412804192431,0.4523419163492444
1,monomial,10,0.06,0.0,0.581732806901959,0.0653216554523637,85.2,8007,0.4362163584659893,0.6372640910376127,0.7132942428645506,0.7074146484081016,0.4144746937335415
1,monomial,10,0.06,0.5,0.4340998560054145,0.04043177674144143,85.2,8007,0.324580046960532,0.4755640337297148,0.4908973565651982,0.5283048096903155,0.3511530330813119
1,monomial,10,0.06,1.0,0.38813936529629933,0.022917253618001683,85.2,8007,0.32089171085397983,0.4122793575130516,0.417392127189178,0.4422225192832947,0.34791111164199257
1,monomial,10,0.03,0.0,0.40914174401517844,0.035739711506328986,120.2,8007,0.309662185636754,0.4243378223762881,0.45962906044390106,0.5044597747432812,0.34761987687566737
1,monomial,10,0.03,0.5,0.36077296761201444,0.027365594460996942,120.2,8007,0.29415835173854665,0.34726031100849786,0.38612823375895966,0.45224695876046717,0.32407098279360075
1,monomial,10,0.03,1.0,0.366384452514521,0.01834019064466944,120.2,8007,0.34826159490088415,0.3340084711137167,0.37677937227972524,0.43354476167193107,0.33932806260634785
1,monomial,10,0.01,0.0,,,0.0,8007,,,,,
1,monomial,10,0.01,0.5,,,0.0,8007,,,,,
1,monomial,10,0.01,1.0,,,0.0,8007,,,,,
1,monomial,10,0.003,0.0,,,0.0,8007,,,,,
1,monomial,10,0.003,0.5,,,0.0,8007,,,,,
1,monomial,10,0.003,1.0,,,0.0,8007,,,,,
1,legendre,4,1.0,0.0,7.429925826554074,0.5616215008256273,4.8,209,5.729168810559787,6.526090318470912,8.768205105024839,8.118377591472978,8.007787307241859
1,legendre,4,1.0,0.5,4.181407911556031,0.2091282182356529,4.8,209,3.503792830531117,4.0045457623798475,4.772665976293487,4.309734831192967,4.316300157382734
1,legendre,4,1.0,1.0,3.0688556880899585,0.08926778164623456,4.8,209,2.944549741629973,3.2714834930442422,3.268010556386007,3.0412600541325063,2.818974595257063
1,legendre,4,0.3,0.0,2.585382382141458,0.2041399711898443,19.4,209,2.1866115820618406,2.7345266901654393,3.193280652411662,2.7367618032738803,2.0757311827944678
1,legendre,4,0.3,0.5,1.678820562210975,0.17860507836836997,19.4,209,1.45064408515857,1.7862891987596696,2.178888518390189,1.8443562545714847,1.1339247541749617
1,legendre,4,0.3,1.0,1.3410949575244773,0.1339827465468046,19.4,209,1.1977330179389316,1.3150974158804913,1.7196369707062265,1.5302946784511182,0.9427127046456188
1,legendre,4,0.1,0.0,1.0217667316569625,0.09425874852361961,45.4,209,0.8754920337896213,1.0288985867206013,1.331338181962241,1.0880279125569448,0.7850769432554033
1,legendre,4,0.1,0.5,0.807771836529055,0.06500857529850546,45.4,209,0.6611485109662727,0.7957007538844236,1.0230319205609697,0.8659223399653773,0.6930556572682323
1,legendre,4,0.1,1.0,0.7381361020781176,0.04808499787585253,45.4,209,0.5760072761599396,0.7123269010648535,0.8567373211052038,0.8103639505414385,0.7352450615191527
1,legendre,4,0.06,0.0,0.8144720000948403,0.06518992859320784,58.4,209,0.6694619673861332,0.7849761739856498,1.0169801121178534,0.9046222631332757,0.6963194838512896
1,legendre,4,0.06,0.5,0.7226055214748662,0.0547180576320656,58.4,209,0.569744269828098,0.6689665079168428,0.8331446951035669,0.86227695049367,0.6788951840321532
1,legendre,4,0.06,1.0,0.7019792058583896,0.05671940419928408,58.4,209,0.5463522177458584,0.6326495871335692,0.7323665664720254,0.8871941232943108,0.7113335346461838
1,legendre,4,0.03,0.0,0.670484167896792,0.048468298032619726,87.2,209,0.5269860012269764,0.6268332270517234,0.7836275482523838,0.7743695458760972,0.6406045170767791
1,legendre,4,0.03,0.5,0.6380464066222453,0.04149307240902845,87.2,209,0.5003231759433111,0.6063846689320315,0.7073522703031829,0.736315259803358,0.6398566581293431
1,legendre,4,0.03,1.0,0.6546880085749989,0.03510107387461954,87.2,209,0.5378274556206188,0.6223856497218387,0.6820143287926157,0.7453810522025416,0.6858315565373792
1,legendre,4,0.01,0.0,0.6285976768446704,0.03855927357064682,130.0,209,0.5163804453996887,0.5778436274472138,0.66480382237789,0.7430786117097331,0.6408818772888261
1,legendre,4,0.01,0.5,0.6467642400819005,0.03886473355479508,130.0,209,0.5504014233940184,0.5805015500237802,0.6650592093437788,0.772699648429613,0.6651593692183119
1,legendre,4,0.01,1.0,0.6852140434403928,0.04108139870987398,130.0,209,0.6077675482883355,0.5981377888078818,0.6882115615898885,0.8256390734086768,0.7063142451071815
1,legendre,4,0.003,0.0,0.7037188702226753,0.052408207819867964,176.2,209,0.6097063027748433,0.6069532454168431,0.7186408943302647,0.8942264191379398,0.6890674894534855
1,legendre,4,0.003,0.5,0.74664166330552,0.055738981366423586,176.2,209,0.6598285598044609,0.6470945912321195,0.7593418373975607,0.9548190041454166,0.7121243239480424
1,legendre,4,0.003,1.0,0.8044238353364779,0.059266737787147195,176.2,209,0.7239625675790219,0.7041790219506388,0.8124113635412951,1.0299740527237717,0.7515921708876624
1,legendre,5,1.0,0.0,7.429925826554074,0.5616215008256271,4.8,461,5.729168810559787,6.526090318470912,8.768205105024837,8.118377591472978,8.007787307241859
1,legendre,5,1.0,0.5,4.181407911556031,0.2091282182356529,4.8,461,3.503792830531117,4.0045457623798475,4.772665976293487,4.309734831192967,4.316300157382734
1,legendre,5,1.0,1.0,3.0688556880899585,0.08926778164623456,4.8,461,2.944549741629973,3.2714834930442422,3.268010556386007,3.0412600541325063,2.818974595257063
1,legendre,5,0.3,0.0,2.569122829943258,0.2465988973483892,24.4,461,2.1137263960765558,2.724209480899128,3.3798705510070475,2.6279080253475704,1.9998996963859867
1,legendre,5,0.3,0.5,1.6417580629763464,0.22412854441812308,24.4,461,1.382659722120149,1.6892788737112159,2.3656895733610996,1.7597145907888028,1.0114475549004638
1,legendre,5,0.3,1.0,1.2981162758924012,0.18606325771244456,24.4,461,1.1889152909855984,1.1401519674984695,1.8584105005365117,1.5379591317193888,0.7651444887220369
1,legendre,5,0.1,0.0,0.8788198684202152,0.10287923361880733,59.6,461,0.7018148340451114,0.8763154246930049,1.1816350065384238,1.0184709492011805,0.6158631276233556
1,legendre,5,0.1,0.5,0.5918523807331614,0.056991271229006796,59.6,461,0.5056525028316641,0.5823392326199212,0.727787476443033,0.7098571004137704,0.4336255913574182
1,legendre,5,0.1,1.0,0.4851481754549682,0.0292925685016556,59.6,461,0.48114880636291224,0.48016609945076744,0.4871779797499654,0.5810685538177808,0.39617943789341525
1,legendre,5,0.06,0.0,0.5973200856372199,0.06390334104263826,80.0,461,0.47771303701971296,0.5851002868637293,0.763069997691144,0.7203034529327763,0.44041365367873675
1,legendre,5,0.06,0.5,0.4527949838679004,0.04118319485697392,80.0,461,0.36356244406600835,0.4250101929362575,0.5361824236786847,0.5635985459432121,0.37562131271533905
1,legendre,5,0.06,1.0,0.40351941280305714,0.02601771323660318,80.0,461,0.34048384389854336,0.37559122892901003,0.42890401744921,0.49103681869044885,0.3815811550480738
1,legendre,5,0.03,0.0,0.42794764423610054,0.039226095245322806,109.2,461,0.3499279647924763,0.40801582216882615,0.5069468642822728,0.5319460357833717,0.34290153415355595
1,legendre,5,0.03,0.5,0.3717007226590808,0.02533582863216406,109.2,461,0.3236035047366533,0.3598001065301049,0.3999564008025697,0.4549548535093388,0.3201887477167371
1,legendre,5,0.03,1.0,0.36390047993927277,0.015815010273031914,109.2,461,0.35229458833578287,0.35642020409013353,0.35141824350126327,0.42527827498403603,0.33409108878514837
1,legendre,5,0.01,0.0,0.3461913951316787,0.022077845712146195,181.6,461,0.3164133895431579,0.32458145728053456,0.3459634356977149,0.4314247355650864,0.3125739575718996
1,legendre,5,0.01,0.5,0.356833882821938,0.023757351119101735,181.6,461,0.33816327817523034,0.3203793857442306,0.3419491186590725,0.45073901077332773,0.332938620757829
1,legendre,5,0.01,1.0,0.395099777608921,0.03013854642750329,181.6,461,0.38455728690046315,0.34900390223074296,0.3592582703265813,0.5133459245970906,0.3693335039897271
1,legendre,5,0.003,0.0,,,233.4,461,0.4296844476297892,0.3517738764575843,,0.4768175609883838,0.3992338077277763
1,legendre,5,0.003,0.5,,,233.4,461,0.5444707004472272,0.4245214713452568,,0.5265465320951312,0.4950159175825828
1,legendre,5,0.003,1.0,,,233.4,461,0.7090814129388747,0.5410412611370845,,0.6043682131890723,0.6313745769304039
1,legendre,6,1.0,0.0,7.429925826554074,0.5616215008256271,4.8,923,5.729168810559787,6.526090318470912,8.768205105024837,8.118377591472978,8.007787307241859
1,legendre,6,1.0,0.5,4.181407911556031,0.2091282182356529,4.8,923,3.503792830531117,4.0045457623798475,4.772665976293487,4.309734831192967,4.316300157382734
1,legendre,6,1.0,1.0,3.0688556880899585,0.08926778164623456,4.8,923,2.944549741629973,3.2714834930442422,3.268010556386007,3.0412600541325063,2.818974595257063
1,legendre,6,0.3,0.0,2.5685396354050445,0.24612860487248417,24.6,923,2.1137263960765558,2.7242094808991286,3.3770613762171977,2.627743010182356,1.9999579136499865
1,legendre,6,0.3,0.5,1.6460173831300096,0.21883518097524715,24.6,923,1.3826597221201493,1.6892788737112159,2.3591358644918,1.7576084801492502,1.0414039751776327
1,legendre,6,0.3,1.0,1.3091341991206122,0.17724614305826092,24.6,923,1.1889152909855984,1.1401519674984695,1.8550430022148814,1.5373967513995672,0.8241639835045443
1,legendre,6,0.1,0.0,0.8980947137506018,0.10726810161238445,69.2,923,0.7081342319229713,0.9057210191718197,1.2192624628607918,1.0301719270073615,0.6271839277900646
1,legendre,6,0.1,0.5,0.6159812497282496,0.06287581918060237,69.2,923,0.5040487908627289,0.6319531337079305,0.7864795585115841,0.7099293522267315,0.4474954133322733
1,legendre,6,0.1,1.0,0.5128993986163185,0.03282894896928905,69.2,923,0.4730661289573426,0.543556369016928,0.5713376658067701,0.5731208064498051,0.4034160228507466
1,legendre,6,0.06,0.0,0.6157750135772779,0.06992305606160039,95.0,923,0.4772498997754842,0.6068973944825625,0.8017262635826141,0.7434629859549844,0.449538524090744
1,legendre,6,0.06,0.5,0.46963319587123,0.046739108943335675,95.0,923,0.3711135494320675,0.44111521946439575,0.5593726452962466,0.598787361039965,0.3777772041234747
1,legendre,6,0.06,1.0,0.4197463702447036,0.029356123161045126,95.0,923,0.3641527194625011,0.38253531855491596,0.44950382976153264,0.521581225343791,0.38095875810077784
1,legendre,6,0.03,0.0,0.44941059923305426,0.04267187575984303,137.4,923,0.3695578416540733,0.4233744993112164,0.5298332543480849,0.5683778075606958,0.35590959329120075
1,legendre,6,0.03,0.5,0.40252627129182866,0.03216922248599173,137.4,923,0.36607120890942524,0.37892538000468434,0.4314517446388589,0.5116061291695362,0.3245768937366386
1,legendre,6,0.03,1.0,0.40437163388256553,0.026228031306502416,137.4,923,0.4045667929649337,0.39194769683498276,0.4017583627399176,0.4939109506390949,0.32967436623389856
1,legendre,6,0.01,0.0,0.3935854988173553,0.02024453832455181,247.8,923,0.3636159210924278,0.3891916152330623,0.4115472907321414,0.46019100579885935,0.34338166123028546
1,legendre,6,0.01,0.5,0.436538406583655,0.01687128600368088,247.8,923,0.4182604257950554,0.44505306419173907,0.4489282403952391,0.48586735003329296,0.38458295250294855
1,legendre,6,0.01,1.0,0.5172113270199766,0.015611096382482962,247.8,923,0.5167035716171802,0.5468403284100447,0.5191491584753836,0.5435739279539293,0.45978964864334504
1,legendre,6,0.003,0.0,,,0.0,923,,,,,
1,legendre,6,0.003,0.5,,,0.0,923,,,,,
1,legendre,6,0.003,1.0,,,0.0,923,,,,,
1,legendre,8,1.0,0.0,7.429925826554074,0.5616215008256273,4.8,3002,5.729168810559787,6.526090318470912,8.768205105024839,8.118377591472978,8.007787307241859
1,legendre,8,1.0,0.5,4.181407911556031,0.209128218235653,4.8,3002,3.503792830531117,4.0045457623798475,4.772665976293488,4.309734831192967,4.316300157382734
1,legendre,8,1.0,1.0,3.0688556880899585,0.08926778164623456,4.8,3002,2.944549741629973,3.2714834930442422,3.268010556386007,3.0412600541325063,2.818974595257063
1,legendre,8,0.3,0.0,2.5791117130595067,0.23519642169943744,29.0,3002,2.1554434057771217,2.730426825766954,3.347114132828964,2.6405557892148446,2.022018411709653
1,legendre,8,0.3,0.5,1.6400988882847067,0.20443296607661038,29.0,3002,1.3951430409911467,1.6786951648395658,2.288683600322655,1.7767013202576227,1.061271315012543
1,legendre,8,0.3,1.0,1.2775633643390738,0.1679122770677862,29.0,3002,1.1458432912191994,1.134773705109323,1.75234285980053,1.552049646785579,0.8028073187807376
1,legendre,8,0.1,0.0,0.9483146716781017,0.10851207377019911,82.4,3002,0.7532715736317309,0.9804264863422615,1.248933944249273,1.099213124185861,0.6597282299813816
1,legendre,8,0.1,0.5,0.6554277673064853,0.06383492382507563,82.4,3002,0.531183968864979,0.6883797871139666,0.8002640109971182,0.7745399934757862,0.48277107608057646
1,legendre,8,0.1,1.0,0.534522225060549,0.0314861219480074,82.4,3002,0.48114867246541204,0.5653159200393938,0.5796508097660868,0.6061324741868623,0.4403632488449894
1,legendre,8,0.06,0.0,0.6487700973449294,0.07026811269213008,117.8,3002,0.5179542009400402,0.657674886999376,0.8174978797897033,0.7865993079550136,0.4641242110405134
1,legendre,8,0.06,0.5,0.5059935141708287,0.04572428006588273,117.8,3002,0.437026841610108,0.5013926022337944,0.593043211537023,0.6204302030962066,0.37807471237701146
1,legendre,8,0.06,1.0,0.46378859174183207,0.027039089095424025,117.8,3002,0.4813259095111494,0.45526946347529573,0.48668507162109603,0.5290980764468514,0.36656443765476804
1,legendre,8,0.03,0.0,0.49602854965268894,0.04523024381737421,179.0,3002,0.4354533726202402,0.47625521003192767,0.5781524844393389,0.6178381212479618,0.37244355992397604
1,legendre,8,0.03,0.5,0.46540235571559496,0.03391692255316785,179.0,3002,0.4533480963649896,0.4489684763441423,0.4916351147899934,0.5711748593921229,0.36188523168672687
1,legendre,8,0.03,1.0,0.4978699317889836,0.02646598484245862,179.0,3002,0.5300452560823773,0.49650783491245576,0.4725947063190139,0.5735792351964254,0.41662262643464576
1,legendre,8,0.01,0.0,,,0.0,3002,,,,,
1,legendre,8,0.01,0.5,,,0.0,3002,,,,,
1,legendre,8,0.01,1.0,,,0.0,3002,,,,,
1,legendre,8,0.003,0.0,,,0.0,3002,,,,,
1,legendre,8,0.003,0.5,,,0.0,3002,,,,,
1,legendre,8,0.003,1.0,,,0.0,3002,,,,,
1,legendre,10,1.0,0.0,7.429925826554074,0.5616215008256271,4.8,8007,5.729168810559787,6.526090318470912,8.768205105024837,8.118377591472978,8.007787307241859
1,legendre,10,1.0,0.5,4.181407911556031,0.2091282182356529,4.8,8007,3.503792830531117,4.0045457623798475,4.772665976293487,4.309734831192967,4.316300157382734
1,legendre,10,1.0,1.0,3.0688556880899585,0.08926778164623456,4.8,8007,2.944549741629973,3.2714834930442422,3.268010556386007,3.0412600541325063,2.818974595257063
1,legendre,10,0.3,0.0,2.5651472348303304,0.23469167396823712,32.4,8007,2.1067270992376868,2.688688678928043,3.3559571652166276,2.608175281526176,2.066187949243119
1,legendre,10,0.3,0.5,1.6473554366952303,0.21295244634014632,32.4,8007,1.3512779852731085,1.6660934120333646,2.367707922249534,1.7435940754008736,1.1081037885192715
1,legendre,10,0.3,1.0,1.315875556856066,0.16952307726745472,32.4,8007,1.1133390400335244,1.1628279293785326,1.8649069613804214,1.527510851702579,0.910793001785273
1,legendre,10,0.1,0.0,0.9560998920864201,0.10930000823964968,96.2,8007,0.7459158350809272,0.9841706334718918,1.2797507165856619,1.0843264168290365,0.686335858464583
1,legendre,10,0.1,0.5,0.6645131678532012,0.06293507759180964,96.2,8007,0.5238719002197932,0.6902250143666165,0.7767532247833596,0.8178018657854041,0.5139138341108327
1,legendre,10,0.1,1.0,0.5537177666276429,0.037253532509357104,96.2,8007,0.5033123688660296,0.5544848801448332,0.5322198883111908,0.6946966763788955,0.48387501943726524
1,legendre,10,0.06,0.0,0.6651601779000272,0.06925408081884867,129.8,8007,0.53101580484665,0.6471858529312549,0.8461307237719156,0.7997949999580698,0.5016735079922462
1,legendre,10,0.06,0.5,0.5266343419724435,0.04714337735122475,129.8,8007,0.4562576385489403,0.4825483653316326,0.6307964835993675,0.6472201008511822,0.4163491215310947
1,legendre,10,0.06,1.0,0.48491005664292874,0.0273567692430283,129.8,8007,0.47998399414915377,0.44349761347774547,0.5254763469902606,0.5638432443885717,0.4117490842089122
1,legendre,10,0.03,0.0,0.5079201533423473,0.04008329005800883,212.2,8007,0.45242730199524567,0.45627283828245524,0.606119374714978,0.6037783816223155,0.4210028700967425
1,legendre,10,0.03,0.5,0.4717251891864323,0.029624169320816192,212.2,8007,0.4620976192231523,0.4222410787353471,0.5445215144694737,0.5342280942055009,0.39553763929868746
1,legendre,10,0.03,1.0,0.4999610300634151,0.02369698461138838,212.2,8007,0.531699843712724,0.46364592513629876,0.5577033993626089,0.5189702344573951,0.42778574764804844
1,legendre,10,0.01,0.0,,,0.0,8007,,,,,
1,legendre,10,0.01,0.5,,,0.0,8007,,,,,
1,legendre,10,0.01,1.0,,,0.0,8007,,,,,
1,legendre,10,0.003,0.0,,,0.0,8007,,,,,
1,legendre,10,0.003,0.5,,,0.0,8007,,,,,
1,legendre,10,0.003,1.0,,,0.0,8007,,,,,
2,monomial,6,1.0,0.0,16.13938869048325,1.6730265390470234,11.8,83,22.024633559247068,14.148029286715484,12.605924140347614,17.512949970121976,14.405406495984106
2,monomial,6,1.0,0.5,10.991761965636693,0.6008577782113652,11.8,83,12.949916531857117,10.098916790696702,10.227541872580835,11.83109100738992,9.851343625658881
2,monomial,6,1.0,1.0,9.26514294973965,0.31216558823157387,11.8,83,8.835240907139063,8.615447357954796,10.413691874795143,9.331873005365093,9.129461603444152
2,monomial,6,0.3,0.0,6.335642381568703,0.3081058596628936,25.0,83,7.029151800971938,6.692297328100361,5.351804999289456,6.702660548700403,5.902297230781357
2,monomial,6,0.3,0.5,4.884039461585388,0.19504265382172933,25.0,83,4.863548214889877,5.466161120952698,4.242594801757849,4.982729278428309,4.865163891898206
2,monomial,6,0.3,1.0,4.416623971414758,0.19155077746077973,25.0,83,4.227936873824448,4.973087388925867,3.962819400060481,4.160522206474552,4.758753987788443
2,monomial,6,0.1,0.0,2.8805219573515126,0.1889388163733831,37.8,83,2.701093136267719,3.5480840554979713,2.3969802324776706,2.91214173126411,2.8443106312500945
2,monomial,6,0.1,0.5,2.198319986514486,0.2079252899660254,37.8,83,1.788208390225479,2.8627076932170255,1.7205219026188225,2.339946778383636,2.280215168127466
2,monomial,6,0.1,1.0,1.9843720375326754,0.22549095627888566,37.8,83,1.4012312000160354,2.6162481574115137,1.5387662331304655,2.194747178566426,2.170867418538938
2,monomial,6,0.06,0.0,2.0887799812401293,0.18728070462818389,41.0,83,1.7331207093329901,2.758121945039915,1.7381558449348582,2.148174072114287,2.0663273347785975
2,monomial,6,0.06,0.5,1.6568817329214425,0.17894508441370136,41.0,83,1.2725175993882665,2.3264303440544447,1.474300030043924,1.551747307453194,1.6594133836673826
2,monomial,6,0.06,1.0,1.4941598425913623,0.1755179257144687,41.0,83,1.1179929965132414,2.137829910102363,1.4445697364040955,1.2545970992143387,1.5158094707227723
2,monomial,6,0.03,0.0,1.5948648834271197,0.1582162571293188,47.0,83,1.2291886739497104,2.179620373761683,1.4457951733425312,1.547267277041347,1.572452919040327
2,monomial,6,0.03,0.5,1.3723322473334065,0.15859477707877168,47.0,83,0.9553786372591851,1.9208873177032708,1.2072374421449061,1.3738163614325554,1.4043414781271149
2,monomial,6,0.03,1.0,1.352516604087994,0.13275995698433538,47.0,83,1.0299255869497574,1.8063125797773636,1.1522276082322913,1.38527148627828,1.3888457592022767
2,monomial,6,0.01,0.0,1.0799103205318772,0.12903012496791602,58.0,83,0.7861951660836253,1.5572341782839934,1.0272375962367781,0.9531142189228564,1.0757704431321333
2,monomial,6,0.01,0.5,0.9122469981888329,0.11925116121869563,58.0,83,0.6920491007198446,1.3488699461448175,0.8690951151594064,0.7064126879313211,0.9448081409887752
2,monomial,6,0.01,1.0,0.8510735580333403,0.10033750684059778,58.0,83,0.6811973504012209,1.2135598752137686,0.7720829159566959,0.6750920233392146,0.9134356252558018
2,monomial,6,0.003,0.0,0.7035907052870394,0.06791500760620495,68.6,83,0.5762550459640184,0.903564071594203,0.7008338980023611,0.5390431998080673,0.7982573110665474
2,monomial,6,0.003,0.5,0.652290116304336,0.06115679078449351,68.6,83,0.5501669637407408,0.786273086696571,0.6444713270792077,0.4884928456407974,0.792046358364363
2,monomial,6,0.003,1.0,0.6374361599469649,0.05859861503368938,68.6,83,0.5500324229455538,0.7219274566452183,0.624584996048014,0.48159813552189534,0.8090377885741435
2,monomial,8,1.0,0.0,15.641348069217534,1.6810272209306139,16.0,164,21.652494049045366,13.410893233081676,12.232386949385887,16.81895987438191,14.092006240192841
2,monomial,8,1.0,0.5,10.190215809662933,0.4791963727749856,16.0,164,11.94000964802375,9.40838878416697,9.829181888768364,10.436759381467695,9.336739345887887
2,monomial,8,1.0,1.0,8.608292801830064,0.4283685450588232,16.0,164,7.697229571645481,8.236981213248763,10.1844587648593,8.165907854702041,8.756886604694728
2,monomial,8,0.3,0.0,5.391574946214775,0.2128059014242143,30.6,164,5.953731115957089,5.663631100144644,4.681624481255841,5.285043813659608,5.373844220056694
2,monomial,8,0.3,0.5,3.7445572057721876,0.2629659239242356,30.6,164,3.7332299267177946,4.399230471507261,3.280915309430502,3.053379307715116,4.256031013490266
2,monomial,8,0.3,1.0,3.2310896364480484,0.3333634167561391,30.6,164,3.106131099534972,3.940838182306945,2.867794727851757,2.2409239581968667,3.9997602143497013
2,monomial,8,0.1,0.0,1.68958792344815,0.08158565798619936,44.0,164,1.5402404056367638,1.9980320874873967,1.5685780480440683,1.6580301987942754,1.683058877278245
2,monomial,8,0.1,0.5,1.202713016014331,0.0731966797938404,44.0,164,1.0572178471802538,1.4750491198893676,1.1225732940315216,1.132959799973961,1.2257650189965497
2,monomial,8,0.1,1.0,1.0695701125129058,0.05919848122397262,44.0,164,1.0628646071945025,1.258666775622578,0.9426382187553806,0.9506343372071665,1.1330466237849017
2,monomial,8,0.06,0.0,1.2473886697686833,0.07862138037795824,49.4,164,1.076491975250981,1.5384055572674358,1.1761416887594591,1.1813618466817304,1.2645422808838103
2,monomial,8,0.06,0.5,1.0195642667309257,0.07957346244037508,49.4,164,0.865601347561981,1.3232299407377233,0.9234649349693118,0.9977400745647529,0.9877850358208595
2,monomial,8,0.06,1.0,0.975851825744703,0.07449921843281879,49.4,164,0.8672231946602128,1.2478620490859436,0.8388773039037527,1.0178852506769371,0.9074113303966683
2,monomial,8,0.03,0.0,0.8363602580646727,0.06680752823787457,58.6,164,0.7184110989768742,1.083404325258431,0.8094712093017037,0.7205421774061853,0.8499724793801693
2,monomial,8,0.03,0.5,0.6555079349324477,0.03763834546347215,58.6,164,0.6095071100404355,0.7908412775806803,0.6268206775473126,0.5740002047545996,0.6763704047392107
2,monomial,8,0.03,1.0,0.614771733090955,0.011188086163704064,58.6,164,0.6036175812173781,0.6424594247188087,0.5774545360817672,0.6237691673401841,0.6265579560966364
2,monomial,8,0.01,0.0,0.5664242858322521,0.04976624371492539,68.2,164,0.7053761194672888,0.6449314015635139,0.5201391702559235,0.4205462071977794,0.5411285306767549
2,monomial,8,0.01,0.5,0.5166751480060564,0.0436309899991818,68.2,164,0.6585489722132338,0.5718807107454029,0.47360457986006194,0.41534998986062366,0.4639914873509602
2,monomial,8,0.01,1.0,0.5203511070703504,0.03459702164565279,68.2,164,0.644142616656193,0.5328831040594375,0.46463467978288886,0.5124868835076624,0.4476082513455702
2,monomial,8,0.003,0.0,0.4519128355564404,0.06722038305818294,88.0,164,0.7118019527684065,0.4342544088137036,0.36599521957927006,0.33555486295941417,0.4119577336614074
2,monomial,8,0.003,0.5,0.4403451690585646,0.09201787196277834,88.0,164,0.8020514411583815,0.3796120549580205,0.3297389109135672,0.2978736965169885,0.3924497417458654
2,monomial,8,0.003,1.0,0.45608878735998826,0.11774872673864649,88.0,164,0.9221438375992328,0.35858809165228067,0.32636724514255017,0.28551906840574165,0.38782569400013606
2,monomial,10,1.0,0.0,15.387498114691098,1.6610736903122685,17.0,285,21.447925690824846,13.207398156424764,12.102521761365555,16.258883356231557,13.920761608608762
2,monomial,10,1.0,0.5,10.180357293504908,0.46736758331884987,17.0,285,11.640123186784107,9.209344302123746,9.88358527082151,10.855199035275037,9.313534672520145
2,monomial,10,1.0,1.0,8.7297558459819,0.5160403727706623,17.0,285,7.371879202377835,7.985823439862403,10.399996131911662,9.096967621010808,8.79411283474679
2,monomial,10,0.3,0.0,5.15068061367596,0.16795521917766307,35.8,285,5.711740213331792,5.234996616723527,4.673573659439269,5.050832673769589,5.082259905115624
2,monomial,10,0.3,0.5,3.0627982721867575,0.15455693531095624,35.8,285,3.4661724486310717,2.989325805447771,2.559878415392324,3.0048220982244187,3.2937925932382006
2,monomial,10,0.3,1.0,2.2811153647399522,0.17662478291129874,35.8,285,2.5607585253803578,2.157856499050703,1.6390291696750812,2.5363231696837127,2.5116094599099066
2,monomial,10,0.1,0.0,1.4536181440842701,0.03106171726059168,49.8,285,1.3531193938978774,1.5245286351955252,1.4453282049479754,1.5136802720431526,1.4314342143368204
2,monomial,10,0.1,0.5,0.925908062619641,0.028912943765246113,49.8,285,0.9548333046196552,0.9929237768143159,0.8885773682999846,0.8322592115816114,0.9609466517826377
2,monomial,10,0.1,1.0,0.7988162088646457,0.06516571664686259,49.8,285,1.02359582049572,0.8116302666170057,0.6885034018102998,0.6515928419923306,0.8187587134078722
2,monomial,10,0.06,0.0,0.9850704016199199,0.026473823978014697,54.6,285,0.9884558198238758,1.0573842101536766,0.9679112151974968,0.8976255874335539,1.0139751754909967
2,monomial,10,0.06,0.5,0.7971914839505517,0.03321855188296647,54.6,285,0.794235891612937,0.8878094879512382,0.7726992086348682,0.6905931469650033,0.8406196845887124
2,monomial,10,0.06,1.0,0.772894351495155,0.025069700402367626,54.6,285,0.7440437584713966,0.8444144576380849,0.6953445744605258,0.7902101024972602,0.7904588644085074
2,monomial,10,0.03,0.0,0.6756835709667514,0.03468727133266073,63.4,285,0.7303276510146159,0.7466895467032284,0.6547527674470318,0.5522073070408338,0.694440582628047
2,monomial,10,0.03,0.5,0.5642443455078693,0.052218362598203824,63.4,285,0.7423715660506789,0.6075168859606717,0.49753335240291213,0.43936752875929896,0.5344323943657845
2,monomial,10,0.03,1.0,0.5927731053073909,0.07860552632280267,63.4,285,0.8989969735318575,0.5629207019229727,0.46053168881978807,0.5434877239930318,0.49792843826930416
2,monomial,10,0.01,0.0,0.43257322791736214,0.06189223918243614,79.8,285,0.66403694395694,0.42851766028740146,0.37234369289528313,0.2969303686426197,0.40103747380456645
2,monomial,10,0.01,0.5,0.3774020008705352,0.05050007811669381,79.8,285,0.5701511096718468,0.37379392460789596,0.3237450088505589,0.2798029443587472,0.33951701686362723
2,monomial,10,0.01,1.0,0.3667472881408778,0.036941570825585995,79.8,285,0.5125229260270612,0.3492322463351645,0.3128647387228236,0.3237745045186102,0.33534202510072963
2,monomial,10,0.003,0.0,0.3602227846839566,0.06284921191785438,102.2,285,0.6085721857163866,0.32741885334700926,0.29119440450137607,0.26761999221294336,0.3063084876420675
2,monomial,10,0.003,0.5,0.3604874459169534,0.07057340594991483,102.2,285,0.6415678432268775,0.3104837949352393,0.2826862291764034,0.2714837122463082,0.2962156499999385
2,monomial,10,0.003,1.0,0.37464964293264635,0.07878947933294712,102.2,285,0.6893660640002504,0.3098672895663958,0.286631729708969,0.28835825128357834,0.29902488010403827
2,monomial,12,1.0,0.0,15.35370003505059,1.6312423438177972,18.6,454,21.327360338236215,13.242405043803874,12.146890664717414,16.161339298884503,13.890504829610952
2,monomial,12,1.0,0.5,10.086119513186107,0.4728651653609525,18.6,454,11.503751186727607,8.97426774488724,9.579940710593748,10.875462828015234,9.4971750957067
2,monomial,12,1.0,1.0,8.461254131126712,0.46974183307740963,18.6,454,7.090675404888996,7.615653451389647,9.533911807206144,9.120209540192008,8.945820451956768
2,monomial,12,0.3,0.0,5.163629767817677,0.16123418096644856,38.4,454,5.72810135333623,5.038402908251892,4.733333980765545,5.173728886040861,5.14458171069386
2,monomial,12,0.3,0.5,3.083981925661663,0.13170397232058503,38.4,454,3.333364571659505,2.875146348497175,2.7078277880635158,3.104634624927053,3.3989362951610658
2,monomial,12,0.3,1.0,2.341562691281939,0.17734926819817098,38.4,454,2.373891748598262,2.0611632036425687,1.8525538178441692,2.8490512360618774,2.5711534502628175
2,monomial,12,0.1,0.0,1.4084267672362167,0.02943883371474598,54.4,454,1.355682412296267,1.3874285227783978,1.3950626921854192,1.5231756818956184,1.3807845270253805
2,monomial,12,0.1,0.5,0.9014014840489406,0.031756144720268845,54.4,454,1.023807857454866,0.8858110441265735,0.8459392035463165,0.8591715749643681,0.8922777401525787
2,monomial,12,0.1,1.0,0.809453187922448,0.09238887507013903,54.4,454,1.1764957517844818,0.7242391249853598,0.6776399422285905,0.7271866215249425,0.741704499088866
2,monomial,12,0.06,0.0,0.9481691725732307,0.017881770832917164,59.4,454,1.0100770727779789,0.9544324595847037,0.9035289291586249,0.9251401821223084,0.9476672192225376
2,monomial,12,0.06,0.5,0.7470478569380943,0.021165432579578196,59.4,454,0.8110429039585535,0.7382627478622706,0.6809023855664181,0.7392500627448847,0.7657811845583441
2,monomial,12,0.06,1.0,0.7296674748363097,0.04472261863629681,59.4,454,0.7712288230090434,0.6718997153556538,0.6183871649084406,0.8783462616114749,0.7084754092969356
2,monomial,12,0.03,0.0,0.6602889503522535,0.029966577915476425,71.6,454,0.7723406964724251,0.6640729366896826,0.5971832966831588,0.6368776669212111,0.6309701549947899
2,monomial,12,0.03,0.5,0.5502145298671557,0.06771352238234725,71.6,454,0.8130581213655846,0.5442041301700539,0.4481805709705152,0.46313984881244596,0.48248997801717897
2,monomial,12,0.03,1.0,0.5778441083714958,0.10810729668074547,71.6,454,1.0051403724510422,0.5315158112529795,0.442236204900975,0.47136684861797173,0.4389613046345108
2,monomial,12,0.01,0.0,0.47558905024445625,0.10448871294344485,84.8,454,0.8922135007229673,0.40294905501844447,0.35693097832237747,0.3584765067193157,0.36737521043917604
2,monomial,12,0.01,0.5,0.4514670532103982,0.12340693580097636,84.8,454,0.9435083552384113,0.365208838262311,0.3259272394399157,0.30890384235548035,0.31378699075587263
2,monomial,12,0.01,1.0,0.4613542047053456,0.1422663933355881,84.8,454,1.0286102047541934,0.357668735587421,0.32497338710258017,0.2894465358569605,0.3060721602255728
2,monomial,12,0.003,0.0,0.37359555471042655,0.07949132001956301,113.2,454,0.6893356730345293,0.32036947273603966,0.2712097546116006,0.31010223866426995,0.27696063450569336
2,monomial,12,0.003,0.5,0.32743452586263155,0.036552370665988695,113.2,454,0.45103495584619224,0.3034876553507299,0.2501524608790947,0.3644578943318153,0.2680396629053253
2,monomial,12,0.003,1.0,0.3183379174054276,0.03598836243517429,113.2,454,0.3153051394968108,0.3002280144971725,0.24471293075921025,0.4541948663564185,0.2772486359175257
2,monomial,16,1.0,0.0,15.443101299783297,1.575153139117418,18.6,968,21.244043123806872,13.576061421359423,12.27460730009562,16.097967900862784,14.022826752791786
2,monomial,16,1.0,0.5,10.151440496432796,0.409867938813408,18.6,968,11.499524027827311,9.158653921309128,9.800795091983332,10.61490283536159,9.683326605682623
2,monomial,16,1.0,1.0,8.486770082682758,0.46940148107727586,18.6,968,7.178848032093373,7.694899937369965,9.78346299502775,8.707848324034055,9.068791124888657
2,monomial,16,0.3,0.0,5.183776562277709,0.13490686243562183,40.6,968,5.622800398036375,4.920271685821769,4.886082505951388,5.298414806516931,5.191313415062078
2,monomial,16,0.3,0.5,2.9711557565892592,0.19445050017597693,40.6,968,2.4335204483872355,2.7466799936829323,2.848241061565964,3.3428324836160668,3.4845047956940967
2,monomial,16,0.3,1.0,2.3881206354422657,0.21310721069221186,40.6,968,2.284713128963321,1.8814694073710236,2.0316806419138125,3.024333591559288,2.718406407403882
2,monomial,16,0.1,0.0,1.3995794847788852,0.04491332341381052,61.8,968,1.4003528579094058,1.334456210954953,1.3335391236882885,1.5725715405456215,1.3569776907961557
2,monomial,16,0.1,0.5,0.9032172691400298,0.04306478595537059,61.8,968,1.0140864784112857,0.8562839501569224,0.8022900336273582,0.9982841867253353,0.8451416967792472
2,monomial,16,0.1,1.0,0.816447886724724,0.07410857805811245,61.8,968,1.0383971718593081,0.7090024639440905,0.6900918105256743,0.9508253994564546,0.6939225878380922
2,monomial,16,0.06,0.0,0.9555987350296539,0.04313502270965351,65.0,968,1.0861373382979405,0.9070294757346975,0.8442397540897414,1.0201964881714454,0.9203906188544446
2,monomial,16,0.06,0.5,0.7903413251028839,0.057899301117296936,65.0,968,0.9412600626147174,0.7221777265306273,0.649832251313877,0.914647013525531,0.7237895715296668
2,monomial,16,0.06,1.0,0.8038256420674831,0.11755330371088639,65.0,968,0.9177430904352413,0.6729614161110381,0.5820921886491389,1.2135302723515307,0.6328012427904661
2,monomial,16,0.03,0.0,0.6904001165722036,0.06484160110208272,73.8,968,0.8629725527697898,0.6069801628874558,0.5533467594837111,0.8314352682336731,0.5972658394863887
2,monomial,16,0.03,0.5,0.5824962275289605,0.08785548895460882,73.8,968,0.9179270444530984,0.4783787771761447,0.43887348270066173,0.5958573279058774,0.48144450540902034
2,monomial,16,0.03,1.0,0.6191577459574945,0.1208609106476209,73.8,968,1.0783447199217775,0.4639819597032046,0.4596149383732703,0.650184218475753,0.4436628933134671
2,monomial,16,0.01,0.0,,,37.0,968,1.047290497077484,,0.3373829627277884,,
2,monomial,16,0.01,0.5,,,37.0,968,1.0620146197253444,,0.3193298168905067,,
2,monomial,16,0.01,1.0,,,37.0,968,1.1225240880686553,,0.32800512724215397,,
2,monomial,16,0.003,0.0,,,0.0,968,,,,,
2,monomial,16,0.003,0.5,,,0.0,968,,,,,
2,monomial,16,0.003,1.0,,,0.0,968,,,,,
2,monomial,20,1.0,0.0,15.526738452207372,1.5523917103544913,19.4,1770,21.24406126203882,13.813757947611583,12.328911699714036,16.129708413287563,14.117252938384851
2,monomial,20,1.0,0.5,10.208567753790174,0.45779369975950573,19.4,1770,11.704707032091015,9.020841898092543,9.890682869892894,10.68302698221159,9.743579986662837
2,monomial,20,1.0,1.0,8.549073772991608,0.478618044078092,19.4,1770,7.299521254611537,7.635244506608875,9.894223636798944,8.815257365338386,9.101122101600303
2,monomial,20,0.3,0.0,5.200205808495051,0.1289358375298421,41.8,1770,5.587010582109974,4.9040509448900265,4.932544125894249,5.351377505691086,5.226045883889917
2,monomial,20,0.3,0.5,3.0451090501815914,0.2176287005167024,41.8,1770,2.4739402224378666,2.761597158995072,2.9195061315454685,3.386290966085865,3.6842107718436834
2,monomial,20,0.3,1.0,2.5012448065270316,0.20940595541875553,41.8,1770,2.3450534508959784,2.081907283718883,2.0791895851975157,3.0230559547962867,2.977017758026495
2,monomial,20,0.1,0.0,1.410302538262238,0.042891988804953804,64.4,1770,1.42657914898157,1.3581496048797814,1.3160461536730286,1.5660829226988102,1.3846548610780007
2,monomial,20,0.1,0.5,0.9181979187714095,0.056739088792882454,64.4,1770,1.0467330872993184,0.830560326322604,0.762406812124407,1.0438858600004401,0.9074035081102776
2,monomial,20,0.1,1.0,0.8669493456036058,0.11305416868235386,64.4,1770,1.11328380743375,0.6780256207631918,0.6353801964990254,1.166704611860853,0.7413524914612086
2,monomial,20,0.06,0.0,0.9697129985890746,0.049634144103577076,69.8,1770,1.1250416855656273,0.920404163284803,0.8362182955796964,1.030960073390244,0.9359407751250016
2,monomial,20,0.06,0.5,0.8065304137029157,0.0713187221966546,69.8,1770,1.0430979179350788,0.7404705965673524,0.6430976408944573,0.8886195318223109,0.7173663812953798
2,monomial,20,0.06,1.0,0.8377528271789714,0.1269037464358732,69.8,1770,1.1131588331140343,0.7026939452034562,0.5781005529110422,1.1744123377211297,0.6203984669451945
2,monomial,20,0.03,0.0,,,30.2,1770,0.8871337107678092,,0.5461685637472276,,
2,monomial,20,0.03,0.5,,,30.2,1770,0.9413062552451464,,0.42468785047530994,,
2,monomial,20,0.03,1.0,,,30.2,1770,1.0956028946162395,,0.4277842720985913,,
2,monomial,20,0.01,0.0,,,0.0,1770,,,,,
2,monomial,20,0.01,0.5,,,0.0,1770,,,,,
2,monomial,20,0.01,1.0,,,0.0,1770,,,,,
2,monomial,20,0.003,0.0,,,0.0,1770,,,,,
2,monomial,20,0.003,0.5,,,0.0,1770,,,,,
2,monomial,20,0.003,1.0,,,0.0,1770,,,,,
2,legendre,6,1.0,0.0,18.41303511620485,2.105551819846463,22.6,83,26.167444947114994,16.518742011134794,13.947751144668791,19.136219135865154,16.295018342240507
2,legendre,6,1.0,0.5,11.2337954104014,1.3322346872228885,22.6,83,16.497569667783008,10.085209689419326,9.33188208356981,10.576517776162515,9.677797835072349
2,legendre,6,1.0,1.0,8.819033523911889,0.625846577296231,22.6,83,11.231170022671694,8.368686548800207,8.620606622390753,8.267781309495579,7.6069231162012185
2,legendre,6,0.3,0.0,5.120471483295886,0.7193329592513623,48.0,83,7.665962235711353,4.848236148759137,3.605320094074721,5.5199174734318674,3.962921464502353
2,legendre,6,0.3,0.5,2.792192329232259,0.3914964417781997,48.0,83,4.103097928220842,2.544436026904096,1.9155547728985909,3.198759369649401,2.199113548488363
2,legendre,6,0.3,1.0,1.8928249904424597,0.22988124150713368,48.0,83,2.5530151343093883,1.583737581193556,1.2526974039838767,2.229679093965343,1.8449957387601343
2,legendre,6,0.1,0.0,1.497769362997722,0.10948898395769108,64.0,83,1.7447485051503526,1.6183258263271405,1.2338089365904934,1.6571513487825247,1.234812198138099
2,legendre,6,0.1,0.5,1.0120133382322636,0.04493234705128191,64.0,83,1.0106455062639057,1.1376497655964573,0.8787078489874599,1.0747586998852028,0.9583048704282918
2,legendre,6,0.1,1.0,0.8259424596406078,0.048886935401523994,64.0,83,0.7094671862446431,0.9029275411129843,0.706319666511747,0.8796399756308018,0.931357928702862
2,legendre,6,0.06,0.0,1.0092528296208676,0.044537987667393704,70.2,83,1.0031684481207641,1.1552675823762324,0.8886623112402094,1.0419280983705506,0.9572377079965813
2,legendre,6,0.06,0.5,0.7559346694132778,0.050627432786536995,70.2,83,0.667678466130952,0.8989245796693754,0.708271744837529,0.6505888789485852,0.8542096774799471
2,legendre,6,0.06,1.0,0.6666565466886502,0.0617908074651739,70.2,83,0.5758788970710901,0.7413848205285123,0.6370649963174163,0.5153793730193185,0.8635746465069134
2,legendre,6,0.03,0.0,0.7131982704780702,0.04716663630029033,76.2,83,0.609343694545902,0.8614129703447564,0.664257623537653,0.6471702186214067,0.783806845340633
2,legendre,6,0.03,0.5,0.6308940999469073,0.04424920388679237,76.2,83,0.5279504112256446,0.7539633477816425,0.5955011903310279,0.5609159396464654,0.7161396107497557
2,legendre,6,0.03,1.0,0.6197313048571773,0.031561714792636135,76.2,83,0.5887703975778839,0.6940926967953741,0.5687444997444333,0.5500186421927378,0.6970302879754573
2,legendre,6,0.01,0.0,0.6089876714970371,0.04734891621020766,80.4,83,0.5319727400502312,0.7359105319981104,0.5874791625307172,0.49006975469446284,0.6995061682116642
2,legendre,6,0.01,0.5,0.6059371607004083,0.043633796698068515,80.4,83,0.5532647611182575,0.7176251408289263,0.5854433120323852,0.48259070988956393,0.6907618796329084
2,legendre,6,0.01,1.0,0.6140059966316018,0.03861715632182169,80.4,83,0.5911621153692925,0.7064892608512094,0.5908585578734995,0.49294861462224604,0.6885714344417617
2,legendre,6,0.003,0.0,0.6055651708055697,0.04144710475035431,82.2,83,0.5631986316299855,0.7116235534641303,0.5865354422618358,0.48334802109583797,0.6831202055760583
2,legendre,6,0.003,0.5,0.6071947879968016,0.03969613733398919,82.2,83,0.5726859716610906,0.7077529516467049,0.5887544207770896,0.4865928055563443,0.6801877903427789
2,legendre,6,0.003,1.0,0.6099146218794932,0.03783442396864864,82.2,83,0.5836335741091562,0.7046343728412443,0.5917023514843786,0.491599168442845,0.6780036425198416
2,legendre,8,1.0,0.0,18.711245114811078,2.132591418421543,29.0,164,26.585829040754266,16.98486541870426,13.982213823369028,19.141549304115422,16.861767987112408
2,legendre,8,1.0,0.5,11.265110593205202,1.3948301411275363,29.0,164,16.630877762793183,10.230770812522696,8.884997856254913,11.149963370528608,9.428943163926604
2,legendre,8,1.0,1.0,8.722476992343564,0.7254259944900511,29.0,164,11.128737863268444,8.418287115171756,8.162964417992418,9.204081865434924,6.698313699850283
2,legendre,8,0.3,0.0,5.1899542358945,0.6548822209707097,65.8,164,7.55017496517925,5.262530816349885,3.918245819932481,5.205312134628654,4.013507443382233
2,legendre,8,0.3,0.5,2.852856167233538,0.44363670074564965,65.8,164,4.341210053854864,2.895361704767374,1.8456735248215792,3.1238080124696657,2.0582275402542063
2,legendre,8,0.3,1.0,1.9059455849279572,0.3376362543570671,65.8,164,2.8129780618756732,1.817944551642615,0.9771782099144554,2.4997397444482745,1.421887356758768
2,legendre,8,0.1,0.0,1.4098890360190026,0.12951699362578534,92.6,164,1.709962228728037,1.4332545071276659,1.1370965080128095,1.6754309605600752,1.0937009756664253
2,legendre,8,0.1,0.5,0.8695775961144452,0.09070782032494677,92.6,164,0.8966143209893467,0.8250032259439454,0.703898895107874,1.2036798595549798,0.7186916789760804
2,legendre,8,0.1,1.0,0.6377722978592812,0.09694508717123562,92.6,164,0.5361933905779095,0.5472579848731434,0.4976701791455092,1.0214135353821754,0.5863263993176687
2,legendre,8,0.06,0.0,0.871410027954945,0.0805768705321737,104.4,164,0.9475144389852499,0.8400157636687073,0.6917568215347687,1.1409892899959073,0.736773825590092
2,legendre,8,0.06,0.5,0.5717637957068116,0.052654254481929674,104.4,164,0.5445995500936722,0.5451312545027456,0.4559951267998067,0.7710533251622276,0.5420397219756058
2,legendre,8,0.06,1.0,0.4538393341563586,0.04071014251834156,104.4,164,0.38319824415621445,0.46199811271258595,0.3659674075072815,0.5963399664209449,0.4616929399847656
2,legendre,8,0.03,0.0,0.5322609695448131,0.04883701538219525,118.6,164,0.5227604229127698,0.5163534590168037,0.42030755487354216,0.7136140581538439,0.48826935276710615
2,legendre,8,0.03,0.5,0.39952821818467743,0.029032042531609556,118.6,164,0.3897936674310148,0.42925981430788074,0.31953378405387506,0.49149266021569404,0.36756116491492297
2,legendre,8,0.03,1.0,0.34209018799624824,0.021467538549789576,118.6,164,0.3381802020717283,0.40895296996872393,0.27818705970259927,0.3605531729599396,0.32457753527824995
2,legendre,8,0.01,0.0,0.34217959393688857,0.03136933092983923,136.2,164,0.2805997799205463,0.3773111543269311,0.2745195668552464,0.44237663088296253,0.33609083769875636
2,legendre,8,0.01,0.5,0.34739932479596886,0.04516578205674222,136.2,164,0.2909302476067913,0.35007868429106404,0.2551299072493435,0.5164047769447195,0.3244530078879259
2,legendre,8,0.01,1.0,0.3824463875062669,0.06533656106386419,136.2,164,0.35906046021327004,0.33399214422977586,0.2551486633364963,0.634412755796979,0.3296179139548133
2,legendre,8,0.003,0.0,0.3202332540378055,0.027797726994939036,155.0,164,0.3358519049930854,0.3149905818283,0.24330633612745425,0.4128828770924363,0.2941345701477515
2,legendre,8,0.003,0.5,0.3283286061783701,0.03145634813837802,155.0,164,0.39698460175372496,0.3032426184645475,0.2430023962485362,0.405308097344411,0.2931053170806309
2,legendre,8,0.003,1.0,0.3459092916978417,0.0432252084168937,155.0,164,0.4795372079295609,0.29574924376769857,0.2453633098912921,0.4125026205196817,0.29639407638097526
2,legendre,10,1.0,0.0,18.891075427273854,2.1502510736737346,33.6,285,26.71448241151836,17.643847777571445,13.80275851249318,19.311722173152397,16.982566261633895
2,legendre,10,1.0,0.5,11.569806595645176,1.3922116946246617,33.6,285,16.820291565506842,11.24163183277633,8.687254916440029,11.141689678532751,9.95816498496993
2,legendre,10,1.0,1.0,9.257224952921408,0.6421777319595532,33.6,285,11.272852272977001,9.957776123036194,7.8406690980941836,9.25671301388699,7.958114256612674
2,legendre,10,0.3,0.0,5.442819622647713,0.6927868382913392,78.6,285,7.827465737509764,5.900800140494212,3.89020226912547,5.277453493648108,4.318176472461016
2,legendre,10,0.3,0.5,3.099842381103591,0.48930022901271947,78.6,285,4.7598014460766995,3.396784997831021,2.1162257558019335,3.114952631246312,2.1114470745619895
2,legendre,10,0.3,1.0,2.223490092906626,0.36527892775938464,78.6,285,3.4149943513720658,2.2047644211052564,1.4459898341499522,2.5577868846618355,1.4939149732440207
2,legendre,10,0.1,0.0,1.602638924991132,0.1598116478017136,113.6,285,1.9283789532515236,1.8056406381423487,1.1824973499337612,1.84922341499017,1.247454268637855
2,legendre,10,0.1,0.5,0.9651625212666772,0.08771784950258964,113.6,285,0.983354802942,1.121371415929999,0.7173257484821203,1.1822088879220103,0.8215517510572571
2,legendre,10,0.1,1.0,0.674536520877921,0.062467419973749654,113.6,285,0.5980942361863113,0.7840158316094546,0.49287201050925844,0.8387595782437224,0.6589409478408585
2,legendre,10,0.06,0.0,1.00539459596862,0.09290425097545789,124.2,285,1.1066365013308779,1.183316606975227,0.7265067058256733,1.1679516015571854,0.8425615641541363
2,legendre,10,0.06,0.5,0.6550943026092795,0.05925128154717247,124.2,285,0.6905945621140193,0.8155372683921168,0.46125429346335683,0.707127121166178,0.6009582679107263
2,legendre,10,0.06,1.0,0.5083587976460145,0.04721926342199652,124.2,285,0.507847987012027,0.6262629189540718,0.34513577563268194,0.570000891001183,0.4925464156301091
2,legendre,10,0.03,0.0,0.6151518252693122,0.052088187978333186,146.2,285,0.6630207003471567,0.7592493554607656,0.4527390195104221,0.647244162653289,0.5535058883749278
2,legendre,10,0.03,0.5,0.48534523184125666,0.04327102764399118,146.2,285,0.5508634086719205,0.6091413900538958,0.3596820732058504,0.45101456712787885,0.45602472014673767
2,legendre,10,0.03,1.0,0.43440437401885124,0.04079757282433246,146.2,285,0.5160042218320653,0.538068755065532,0.31995711743973876,0.38719962605088637,0.4107921497060337
2,legendre,10,0.01,0.0,0.392872876555426,0.032875234744593286,182.4,285,0.3850051457361434,0.48050213228657074,0.29857245412554206,0.4495213395868426,0.35076331104203123
2,legendre,10,0.01,0.5,0.38689651848639856,0.046761748576450185,182.4,285,0.33251765584318266,0.4376408140612493,0.2857813661130703,0.545315360737484,0.3332273956770067
2,legendre,10,0.01,1.0,0.4314906449519064,0.08508601538015123,182.4,285,0.3344172165411198,0.4279876818044519,0.2937477309433648,0.7603952892711016,0.340905306199494
2,legendre,10,0.003,0.0,0.3507553145514632,0.04559930566976173,225.4,285,0.29940714601717444,0.4030014079517715,0.2735394166097578,0.5058440523541862,0.27198454982442627
2,legendre,10,0.003,0.5,0.3937227686863532,0.079047364041895,225.4,285,0.3044246972759497,0.41061096664643576,0.28419032396662186,0.6946480875713863,0.2747397679713723
2,legendre,10,0.003,1.0,0.4741533170951587,0.13033003348743682,225.4,285,0.3266176051653865,0.43457072068181934,0.3066334159950301,0.9872087300112689,0.3157361136222884
2,legendre,12,1.0,0.0,19.272973988673083,2.437426728187296,38.4,454,28.30611958934288,17.848989175875793,13.810620743125877,19.435255174250337,16.963885260770518
2,legendre,12,1.0,0.5,11.527947678894389,1.549398749483173,38.4,454,17.491157677609344,10.50830000516448,8.689836856806988,11.230814005456901,9.71962984943423
2,legendre,12,1.0,1.0,8.96509276067389,0.6078185845004224,38.4,454,10.997180520109467,8.889360963429771,7.924601351790623,9.44303610453705,7.571284863502536
2,legendre,12,0.3,0.0,5.621857112196669,0.7540242029558164,85.4,454,8.175868330939304,6.200459380970431,3.8842311147551527,5.434734274564995,4.413992459753461
2,legendre,12,0.3,0.5,3.118145087064959,0.45871002335982813,85.4,454,4.459909162779303,3.7406272387258035,2.0173532309153996,3.153303010682504,2.2195327922217873
2,legendre,12,0.3,1.0,2.0289223711120625,0.26831954252080914,85.4,454,2.5509453131646285,2.4748183331825615,1.2452343824402516,2.347561705360346,1.5260521214125242
2,legendre,12,0.1,0.0,1.705956607651323,0.17862871426233365,122.2,454,2.016000173941412,1.994861926133958,1.2037244509979026,1.9751331654578046,1.3400633217255393
2,legendre,12,0.1,0.5,1.07520231354258,0.13814118437336828,122.2,454,1.0239873116244769,1.216088061857946,0.7409326335631681,1.527302802006864,0.8677007586604442
2,legendre,12,0.1,1.0,0.8143593241360583,0.15396256552703444,122.2,454,0.6486736405356952,0.803897298053147,0.5215964181104015,1.4029893981911923,0.6946398657898551
2,legendre,12,0.06,0.0,1.0780641123801387,0.11011693809835046,143.2,454,1.1212351223003212,1.264106559499868,0.7643251635307002,1.3484001639207448,0.8922535526490583
2,legendre,12,0.06,0.5,0.7071649622058195,0.07325345837193216,143.2,454,0.6536870166467115,0.9283977203518925,0.5117781303894688,0.8130672928466254,0.628894650794399
2,legendre,12,0.06,1.0,0.5549538383245828,0.06595736185432925,143.2,454,0.467344452938428,0.7875074752581751,0.40958207697353044,0.6005428773370948,0.5097923091156856
2,legendre,12,0.03,0.0,0.6647371402809278,0.05695975185550717,169.2,454,0.6538518041930266,0.8117576437113192,0.49521378887706413,0.7646754380243571,0.5981870265988717
2,legendre,12,0.03,0.5,0.5120197210674714,0.040695866963936386,169.2,454,0.47679892467630386,0.6586928448347242,0.4133983949163021,0.5223535302441367,0.48885491066589026
2,legendre,12,0.03,1.0,0.44543436101734885,0.03933209806160474,169.2,454,0.39062662674545034,0.5980684526854949,0.39911698490124436,0.3955206260116621,0.44383911474289245
2,legendre,12,0.01,0.0,0.422756312474777,0.03720475761485436,213.4,454,0.370144129117537,0.5567075093486593,0.33935265270592924,0.42649168546434557,0.42108558573741384
2,legendre,12,0.01,0.5,0.387345480705115,0.03844122094845324,213.4,454,0.3140056248812397,0.5300106121732261,0.3375348513353587,0.3535989343285173,0.4015773808072334
2,legendre,12,0.01,1.0,0.40283166633228246,0.0345511610708906,213.4,454,0.3352040047448865,0.532714756572336,0.3691099928399336,0.36748994557420056,0.40963963193005537
2,legendre,12,0.003,0.0,,,0.0,454,,,,,
2,legendre,12,0.003,0.5,,,0.0,454,,,,,
2,legendre,12,0.003,1.0,,,0.0,454,,,,,
2,legendre,16,1.0,0.0,19.616356162263628,2.4368955427512726,38.2,968,28.80303567043095,18.73014265962775,14.54884725860694,19.158128591827406,16.84162663082509
2,legendre,16,1.0,0.5,13.2961045871098,2.204870128513888,38.2,968,22.012098558061215,12.081195124239729,10.001249362408487,10.990213684850433,11.395766205989137
2,legendre,16,1.0,1.0,11.370189195854625,1.7471270821444147,38.2,968,18.067558734283374,10.572097759169312,9.033665120979142,8.21925034241291,10.958374022428389
2,legendre,16,0.3,0.0,6.22970286040158,0.9567344632744313,92.0,968,9.755349113238061,6.591131431855636,4.363166210663641,5.5516672977054595,4.8872002485451
2,legendre,16,0.3,0.5,3.7565333118458284,0.6304618883529987,92.0,968,6.015734964483669,4.152216185694226,2.533552608400867,3.3306078897664593,2.750554910883919
2,legendre,16,0.3,1.0,2.601370967617292,0.42177151944822966,92.0,968,4.053109822943263,2.9815958937202476,1.7280817343594148,2.326416990648478,1.9176503964150569
2,legendre,16,0.1,0.0,2.005602355627929,0.20456849013517983,144.4,968,2.6218555602751445,2.309001246261387,1.4994451360223053,1.9071653673890208,1.6905444681917867
2,legendre,16,0.1,0.5,1.2217976727389488,0.07627629451952823,144.4,968,1.4054567381313827,1.3373045069407183,0.9633608210426872,1.2303290574834844,1.1725372400964713
2,legendre,16,0.1,1.0,0.9441318636401108,0.07147094287949507,144.4,968,1.073432078731806,0.8983050446359755,0.6968922741179965,1.0923707169870844,0.9596592037276921
2,legendre,16,0.06,0.0,1.265547845745117,0.09631935674870197,168.4,968,1.4548627267771654,1.4864506877397048,0.9687018062414122,1.2652802608991363,1.1524437470681677
2,legendre,16,0.06,0.5,0.8317140951738493,0.08809524708682649,168.4,968,0.7840938963514945,1.1391338361954244,0.5913768496577001,0.8376272525335521,0.8063386411310752
2,legendre,16,0.06,1.0,0.6524106823686189,0.09189511432317136,168.4,968,0.513881628131777,0.9724745266448348,0.4429387240567052,0.7050725052177362,0.6276860277920413
2,legendre,16,0.03,0.0,0.7703037075037982,0.06475566301183784,196.4,968,0.7560759481659909,1.0006846766241333,0.6076209932441821,0.7068745548748718,0.7802623646098129
2,legendre,16,0.03,0.5,0.5855647077282548,0.058441884173819174,196.4,968,0.5328261566396388,0.8074558847243157,0.48908861910180085,0.5026246574487431,0.5958282207267752
2,legendre,16,0.03,1.0,0.5119984963506062,0.05320295324321249,196.4,968,0.46151647811001484,0.7208992729326126,0.45030113274192357,0.43250070472356883,0.49477489324491125
2,legendre,16,0.01,0.0,,,50.4,968,,,,0.4565239465837248,
2,legendre,16,0.01,0.5,,,50.4,968,,,,0.6092229236610779,
2,legendre,16,0.01,1.0,,,50.4,968,,,,0.8503494768327406,
2,legendre,16,0.003,0.0,,,0.0,968,,,,,
2,legendre,16,0.003,0.5,,,0.0,968,,,,,
2,legendre,16,0.003,1.0,,,0.0,968,,,,,
2,legendre,20,1.0,0.0,20.133926931144124,2.4067960745064223,40.0,1770,29.39636553889406,19.131106689347373,15.667351956798626,19.21491441655999,17.259896054120553
2,legendre,20,1.0,0.5,13.442947577263897,2.2241842830336034,40.0,1770,22.294290429065846,12.048456266331737,10.723864706152536,10.94678292689988,11.201343557869478
2,legendre,20,1.0,1.0,11.169751550372993,1.7873026432989685,40.0,1770,18.25763994037144,10.18345679976885,9.35700147276488,8.713141350316175,9.337518188643624
2,legendre,20,0.3,0.0,6.41509976070123,0.8787054664981954,99.8,1770,9.748062365358493,6.493181475784065,4.763454032841831,5.696729547523612,5.374071381998152
2,legendre,20,0.3,0.5,3.917413462735157,0.5786013705989715,99.8,1770,6.043253805529099,3.995138054013458,2.599510954349455,3.330904383999615,3.6182601157841576
2,legendre,20,0.3,1.0,2.741060688107905,0.38040322689166706,99.8,1770,3.8737648950610875,2.920026739954595,1.6311770074566172,2.2358878322160907,3.0444469658511326
2,legendre,20,0.1,0.0,2.187665610409383,0.1905512634605454,154.4,1770,2.80708075258922,2.3743218906939303,1.7266052270541727,2.1485523866286202,1.881767795080971
2,legendre,20,0.1,0.5,1.3752694103573895,0.0791248541553555,154.4,1770,1.5402043192169181,1.5264842680990367,1.1297908964318168,1.4186372774722955,1.2612302905668797
2,legendre,20,0.1,1.0,1.0266656436869694,0.060120486006054186,154.4,1770,1.0816910382309135,1.141704561150893,0.8090618775914085,1.1118613884661597,0.9890093529954725
2,legendre,20,0.06,0.0,1.4073917590532379,0.09015291204376621,181.8,1770,1.6080534626476133,1.5681964906223294,1.1380745098299498,1.4604386901107256,1.2621956420555718
2,legendre,20,0.06,0.5,0.9188744184576825,0.06883309849918716,181.8,1770,0.9283579383860481,1.1624761317328045,0.7384805329515871,0.8910201277752243,0.8740373614427484
2,legendre,20,0.06,1.0,0.6845083802833166,0.07640421896195689,181.8,1770,0.6002022382073842,0.9806335931353827,0.5527415146828137,0.6181408504524428,0.6708237049385593
2,legendre,20,0.03,0.0,,,170.2,1770,,1.0668344247321393,0.6958721116254727,0.7892354621511725,0.8481782506796243
2,legendre,20,0.03,0.5,,,170.2,1770,,0.8651813571563366,0.5489005424178577,0.5868465066068024,0.6746873927111838
2,legendre,20,0.03,1.0,,,170.2,1770,,0.7881540141166153,0.480308423059587,0.5466386772674768,0.597074267702997
2,legendre,20,0.01,0.0,,,0.0,1770,,,,,
2,legendre,20,0.01,0.5,,,0.0,1770,,,,,
2,legendre,20,0.01,1.0,,,0.0,1770,,,,,
2,legendre,20,0.003,0.0,,,0.0,1770,,,,,
2,legendre,20,0.003,0.5,,,0.0,1770,,,,,
2,legendre,20,0.003,1.0,,,0.0,1770,,,,,
