features,degree,alpha,terms,status,cv_mse,cv_mse_se,train_mse,fold_1_mse,fold_2_mse,fold_3_mse,fold_4_mse,fold_5_mse
x1,1,0.0,1,ok,47.637694331218675,3.8206487513083434,46.99949154102747,58.633043994608386,46.058846609974346,37.77775799799976,53.82766092442951,41.891162129081394
x1,2,0.0,2,ok,44.419514212091485,3.4024638631512287,43.53938260895292,55.08419629990915,43.95934854995627,34.265850505606586,47.08572589151828,41.70244981346715
x1,3,0.0,3,ok,44.61755720301638,3.370666064447326,43.36892345330951,54.913986615382,44.13666810433644,33.98075892230197,46.96485489883887,43.09151747422263
x1,4,0.0,4,ok,44.1922906184913,3.2252895094092673,42.61073217603906,53.10597977924365,44.26221312956443,32.98679392935743,45.83217651389923,44.77428974039172
x1,5,0.0,5,ok,44.29545702683079,3.0747929649968775,42.28235434041402,52.56396627088166,44.88397385909021,33.42355660041949,45.571557714410226,45.03423068935236
x1,6,0.0,6,ok,44.19443793456352,3.0036499570621835,42.05757867223099,51.934612928570935,45.518305466773676,33.36842660016563,45.17676003520182,44.97408464210555
x1,7,0.0,7,ok,44.24453048869553,3.0132150837728235,42.04328167882189,51.95491192440922,45.4982693312089,33.35330577265527,45.42234688996848,44.993818525235824
x1,8,0.0,8,ok,43.94616103698756,2.993048604014429,41.53295838898255,50.63253132839062,45.89304711686517,32.67369345026591,45.02323579663853,45.50829749277763
x1,9,0.0,9,ok,43.822096254765675,2.9954529675562345,41.39029246901631,50.32933925926602,45.738575405821635,32.47461589326287,44.83778359253775,45.730167122940095
x1,10,0.0,10,ok,43.873901055272846,3.025117840225017,41.34301173439113,50.26259528452872,45.8957568101082,32.359667212409384,44.82182388373517,46.029662085582785
x1,11,0.0,11,ok,43.85109351421958,3.029727235553746,41.20479992159107,49.91672031953426,46.00174674825443,32.25455728582648,44.547469598809,46.534973618673696
x1,12,0.0,12,ok,43.8390302227395,3.0253434079470103,41.13676670319588,49.91943241692581,45.817663875027584,32.287139359789215,44.44056206879654,46.730353393158374
x1,13,0.0,13,ok,43.84766961300703,2.9966389897084014,41.0941485557711,50.04379899751575,45.766356098477445,32.46582145789535,44.33220574886208,46.630165762284534
x1,14,0.0,14,ok,43.90372870393346,3.0065954198799116,41.06825540894677,50.001737577766946,45.86968642490226,32.43815632931863,44.48721168156962,46.721851506109864
x1,15,0.0,15,ok,44.07989278612314,3.0728870080359476,41.02749000873737,50.48898238315196,45.93782649576548,32.41120059984287,44.68978927408411,46.87166517777125
x1,16,0.0,16,ok,44.10032519586141,3.0742092804234726,41.02524279202747,50.51050006503529,45.97605493515831,32.42357356360787,44.7207836762562,46.87071373924939
x1,17,0.0,17,ok,44.07188336693603,3.0803760815796695,40.99839856479848,50.45614411927376,45.895523112277445,32.344442487330156,44.840836478394756,46.82247063740401
x1,18,0.0,18,ok,44.0838677901757,3.0884881418185706,40.994308148750136,50.52114016255682,45.890082861793736,32.33890277441608,44.83462763934552,46.834585512766346
x1,19,0.0,19,ok,44.06704622436945,3.1129048809266124,40.95457398848116,50.568097256949734,46.02233389972585,32.23096839762654,44.7789932520731,46.73483831547203
x1,20,0.0,20,ok,44.17919040788083,3.1529538239093906,40.937727226826524,50.83517705982954,46.13118026849861,32.22369953523808,44.810535628586095,46.89535954725186
"x1,x2,x3",1,0.0,3,ok,36.850323886578636,2.413449153890219,36.025172517203245,40.517676761091536,33.556646705532884,32.11625082184466,44.520466537737285,33.54057860668684
"x1,x2,x3",1,1e-06,3,ok,36.85032388591282,2.41344915545995,36.025172517203245,40.51767677622738,33.55664670943266,32.1162508122208,44.520466532762406,33.54057859892087
"x1,x2,x3",1,1e-05,3,ok,36.850323879920424,2.4134491695875337,36.025172517203245,40.51767691245001,33.5566467445306,32.116250725606,44.52046648798846,33.54057852902705
"x1,x2,x3",1,0.0001,3,ok,36.85032381999672,2.413449310863394,36.02517251720354,40.51767827467639,33.5566470955102,32.11624985945843,44.520466040249325,33.54057783008926
"x1,x2,x3",1,0.001,3,ok,36.850323220787345,2.413450723623543,36.02517251723314,40.51769189694337,33.556650605324286,32.1162411980271,44.520461562895164,33.54057084074678
"x1,x2,x3",1,0.01,3,ok,36.85031723145598,2.413464851379974,36.02517252019167,40.51782811992447,33.556685705274425,32.11615458815153,44.52041679307031,33.54050095085919
"x1,x2,x3",1,0.1,3,ok,36.85025761430101,2.4136061444238215,36.025172815958044,40.51919038082006,33.55703688563881,32.11528893304803,44.5199694663808,33.539802405617294
"x1,x2,x3",1,1.0,3,ok,36.84968897076128,2.415020609533921,36.02520230600074,40.53281605030232,33.56056670993473,32.106676625358524,44.51553324515187,33.532852223058946
"x1,x2,x3",1,10.0,3,ok,36.84666957772901,2.4293058962680583,36.0280667575027,40.669332346364854,33.597602963825786,32.02485876189716,44.474767951217274,33.46678586534
"x1,x2,x3",1,100.0,3,ok,37.01454775142292,2.576933016616163,36.246711362835576,42.02588487990912,34.090779830454565,31.540767199164026,44.340337934823125,33.07496891276375
"x1,x2,x3",1,1000.0,3,ok,40.95919078089696,3.3786225040542117,40.410091161002136,50.237202101700134,39.04624997406087,33.383638834570036,47.43427550578065,34.6945874883731
"x1,x2,x3",2,0.0,9,ok,22.202635194307458,1.65060646472262,21.337982672044525,27.37330955318523,21.2584896701202,18.22140477565564,24.423324270491776,19.736647702084447
"x1,x2,x3",2,1e-06,9,ok,22.202635193980843,1.6506064674405987,21.33798267204453,27.373309559785895,21.258489671617912,18.221404767633295,24.42332427494204,19.736647695925058
"x1,x2,x3",2,1e-05,9,ok,22.20263519104131,1.6506064919024057,21.33798267204454,27.373309619191946,21.258489685097338,18.221404695432255,24.423324314994414,19.736647640490595
"x1,x2,x3",2,0.0001,9,ok,22.202635161646686,1.6506067365204709,21.337982672045268,27.37331021325315,21.258489819892155,18.221403973422667,24.423324715518813,19.736647086146625
"x1,x2,x3",2,0.001,9,ok,22.202634867768683,1.650609182700523,21.33798267211842,27.37331615393764,21.258491167897766,18.221396753407067,24.423328720825577,19.736641542775356
"x1,x2,x3",2,0.01,9,ok,22.202631935817635,1.6506336444419207,21.337982679433377,27.373375568032394,21.25850465370099,18.221324561278152,24.42336878017201,19.736586115904625
"x1,x2,x3",2,0.1,9,ok,22.20260329896386,1.6508782559335458,21.337983410701806,27.373970433674337,21.25864008624479,18.22060344243988,24.423770001283614,19.736032531176697
"x1,x2,x3",2,1.0,9,ok,22.202384959324622,1.6533237691072677,21.338056310806063,27.37999127388869,21.26005166816236,18.213472240664444,24.427844748780736,19.73056486512686
"x1,x2,x3",2,10.0,9,ok,22.20677380329214,1.6777096969509124,21.345125288489328,27.447140397888056,21.279703276238656,18.149906905752296,24.474623465447607,19.68249497113409
"x1,x2,x3",2,100.0,9,ok,22.726570235721987,1.9090104786268431,21.877144733137634,28.59848341928697,21.87917188377339,18.08953897165957,25.371123807125453,19.694533096764548
"x1,x2,x3",2,1000.0,9,ok,32.314353786995525,3.0331103260327983,31.543547132834497,41.51735667754594,31.293901387175616,25.445313527757257,36.66819798903589,26.646999353462927
"x1,x2,x3",3,0.0,19,ok,13.720513096740186,0.4696490324272286,12.11563261731646,14.394844503303691,13.761481811257141,12.042089207553996,14.782631844335963,13.621518117250133
"x1,x2,x3",3,1e-06,19,ok,13.720513090015325,0.4696490498606026,12.115632617316464,14.394844544223478,13.761481792000987,12.042089154232746,14.782631885035158,13.621518074584248
"x1,x2,x3",3,1e-05,19,ok,13.720513029491844,0.469649206760929,12.115632617316665,14.394844912501876,13.761481618695646,12.042088674341949,14.782632251328028,13.62151769059172
"x1,x2,x3",3,0.0001,19,ok,13.720512424277368,0.46965077575987135,12.11563261733664,14.394848595292439,13.761479885659309,12.042083875468279,14.782635914262737,13.621513850704071
"x1,x2,x3",3,0.001,19,ok,13.720506374164895,0.4696664653177912,12.115632619334285,14.394885423854632,13.761462557004387,12.042035890161106,14.782672544216812,13.621475455587547
"x1,x2,x3",3,0.01,19,ok,13.720446076155145,0.4698233177537284,12.1156328189927,14.39525377506676,13.761289441211611,12.041556379877466,14.783038904386313,13.621091880233559
"x1,x2,x3",3,0.1,19,ok,13.719863293823739,0.4713875356631,12.115652679411863,14.398943779944664,13.759575268842596,12.036795392766779,14.78670850749113,13.617293520073513
"x1,x2,x3",3,1.0,19,ok,13.715946546823043,0.48660723787866,12.117537969575531,14.436430329562603,13.74404590857726,11.992440696654961,14.82394640258045,13.582869396739943
"x1,x2,x3",3,10.0,19,ok,13.794457543204132,0.6050249143018324,12.238036514813075,14.830814318446215,13.691294369268132,11.765611569113483,15.214058323426155,13.470509135766676
"x1,x2,x3",3,100.0,19,ok,15.484259441325388,1.001003776131295,14.01477998229662,17.509023304541344,14.420882276643752,12.536407728100556,17.91743641808143,15.03754747925986
"x1,x2,x3",3,1000.0,19,ok,25.57963140353914,2.017592831463445,24.26803478088009,30.422814738787327,23.27725282417564,20.662546543365174,30.349333101163534,23.186209810204005
"x1,x2,x3",4,0.0,34,ok,4.142157094974875,0.2598288124679444,3.459111060166408,4.2974794618768355,5.0598926402872655,3.8789684741193016,3.5290827338525395,3.945362164738429
"x1,x2,x3",4,1e-06,34,ok,4.142157100420903,0.25982881919960654,3.459111060166413,4.297479529015345,5.059892660788873,3.8789684053133855,3.5290827596002226,3.9453621473866876
"x1,x2,x3",4,1e-05,34,ok,4.142157149435701,0.25982887978459146,3.45911106016701,4.2974801332623995,5.059892845303616,3.8789677860609744,3.529082991329801,3.9453619912217177
"x1,x2,x3",4,0.0001,34,ok,4.14215763963673,0.2598294856371876,3.4591110602266695,4.297486175779963,5.0598946904783535,3.8789615936178308,3.5290853086683343,3.9453604296391673
"x1,x2,x3",4,0.001,34,ok,4.142162546950664,0.25983554443808304,3.4591110661920395,4.297546605655781,5.059913144957745,3.8788996772860984,3.5291084863260567,3.9453448205276396
"x1,x2,x3",4,0.01,34,ok,4.142212149856415,0.2598961598989419,3.4591116621502556,4.298151373679039,5.060097962578954,3.8782813232322484,3.52934068965306,3.945189400138773
"x1,x2,x3",4,0.1,34,ok,4.1427605626368935,0.26050501881164323,3.459170684628173,4.304245235012043,5.061973052735607,3.872178010374713,3.5317049119945203,3.9437016030675855
"x1,x2,x3",4,1.0,34,ok,4.152944444998167,0.266825553957585,3.4645495746693675,4.369133508862839,5.083084025476485,3.8185247171263788,3.5591262386952303,3.9348537348299004
"x1,x2,x3",4,10.0,34,ok,4.460175312589379,0.3328060221293973,3.7364355565187983,5.117411441487761,5.379278050273254,3.674979296486046,3.9975162315255184,4.131691543174312
"x1,x2,x3",4,100.0,34,ok,7.500203618550012,0.6513620480663983,6.67071237185453,9.562277831702408,7.702248207591248,5.616735077968312,7.844937934218251,6.774819041269838
"x1,x2,x3",4,1000.0,34,ok,17.52410215859663,1.7619955985371027,16.50564369720988,23.091992712449887,16.619454690287416,13.479797283187049,19.834254528516954,14.595011578541847
"x1,x2,x3",5,0.0,55,ok,1.6199194406359851,0.1333087359996927,1.2653057080174672,1.3417363963921942,2.106058943832857,1.520510319086447,1.4517740820206957,1.679517461847731
"x1,x2,x3",5,1e-06,55,ok,1.6199194545856774,0.1333087718658036,1.265305708017554,1.34173638328298,2.1060591298039446,1.5205102799268753,1.451774075481045,1.6795174044335426
"x1,x2,x3",5,1e-05,55,ok,1.6199195801429371,0.13330909465954344,1.265305708026113,1.3417362653064555,2.1060608035456023,1.5205099275025944,1.4517740166403155,1.6795168877197184
"x1,x2,x3",5,0.0001,55,ok,1.61992083671071,0.13331232247412234,1.265305708881933,1.3417350861781712,2.1060775411567847,1.5205064044359113,1.4517734298244718,1.6795117219582125
"x1,x2,x3",5,0.001,55,ok,1.6199335017691254,0.13334458834292506,1.2653057943565273,1.3417233585067811,2.1062449366483857,1.520471291228321,1.45176772061613,1.6794602018460094
"x1,x2,x3",5,0.01,55,ok,1.620069954924904,0.13366602417437234,1.2653142356260614,1.3416123605831183,2.1079207493197702,1.5201317525628277,1.451726329622307,1.6789585825364974
"x1,x2,x3",5,0.1,55,ok,1.6222933592568416,0.13676307852617625,1.2660632871597086,1.341056761593019,2.1247950845652146,1.5177588474530328,1.452706869315269,1.6751492333576727
"x1,x2,x3",5,1.0,55,ok,1.6762929313868196,0.16003307483561863,1.298575538025609,1.3589642992546647,2.281428734304165,1.5345174830113326,1.5179483225451755,1.6886058178187586
"x1,x2,x3",5,10.0,55,ok,2.1944626823040174,0.2363801915417815,1.6832913470411832,1.8089729864417692,3.106560175390033,1.8546403942220233,2.0559913526288445,2.146148502837417
"x1,x2,x3",5,100.0,55,ok,4.906151443486046,0.2667398552704118,4.082875755608565,5.208626100569442,5.586629532151319,3.9791763732189174,4.8164692937518465,4.939855917738706
"x1,x2,x3",5,1000.0,55,ok,13.693866214452914,1.0008603595725514,12.3327711249523,16.281248493948453,12.561364534543763,10.913404428528581,15.669625121835384,13.043688493408387
"x1,x2,x3",6,0.0,83,ok,0.6096780796001913,0.03783083934728302,0.41658920844352937,0.5828222585016414,0.7047967317154489,0.5917156802303489,0.4916113945577719,0.6774443329957455
"x1,x2,x3",6,1e-06,83,ok,0.6096780012292659,0.03783087563620196,0.4165892084437134,0.5828220774418421,0.7047967022407173,0.5917156954359196,0.49161118475202426,0.677444346275826
"x1,x2,x3",6,1e-05,83,ok,0.6096772959330072,0.03783120223481868,0.41658920846191083,0.5828204479454941,0.7047964370257583,0.5917158323152998,0.4916092965625124,0.6774444658159714
"x1,x2,x3",6,0.0001,83,ok,0.6096702471326582,0.03783446805617021,0.4165892102813459,0.5828041571221239,0.7047937905793783,0.5917172040014307,0.491590420828509,0.6774456631318488
"x1,x2,x3",6,0.001,83,ok,0.6096001744049948,0.03786710977272824,0.4165893919006585,0.5826416621181629,0.7047678950859508,0.5917312092781601,0.49140227830140937,0.6774578272412908
"x1,x2,x3",6,0.01,83,ok,0.6089400487539107,0.038191863548644414,0.4166072362180301,0.5810572704024324,0.7045645186838211,0.5918993092271683,0.4895810620088247,0.6775980834473068
"x1,x2,x3",6,0.1,83,ok,0.6056482831653248,0.04127046567767733,0.41812679711903816,0.5686320141025615,0.7070219538030449,0.5957656344729123,0.4763403787172617,0.6804814347308439
"x1,x2,x3",6,1.0,83,ok,0.6686334779800196,0.06251717824553438,0.4748161991512756,0.5625259542437618,0.8504338348537939,0.6831335127430745,0.5019225970166193,0.7451514910428492
"x1,x2,x3",6,10.0,83,ok,1.1647013143984257,0.14536966333149726,0.8791971456347396,0.8533351946272077,1.7017863002579012,1.120466492486998,0.9769729810329153,1.1709456035871066
"x1,x2,x3",6,100.0,83,ok,2.838871450743409,0.18712818032081338,2.36389616785734,2.9691026474763205,3.468413273771975,2.381288543059739,2.561256640247109,2.8142961491619016
"x1,x2,x3",6,1000.0,83,ok,9.406414628938887,0.8075545033341888,8.534141035570528,12.077371605890601,8.96480314555566,7.475560774658996,10.242335903287657,8.272001715301522
"x1,x2,x3",7,0.0,119,ok,0.37792761287885335,0.049180777076669895,0.19871290609485395,0.3366650531095001,0.33430072414284295,0.2752265635504492,0.562899803633799,0.3805459199576752
"x1,x2,x3",7,1e-06,119,ok,0.37792736609211725,0.04918067663510825,0.19871290610054637,0.33666471439274614,0.33430054931197617,0.2752265543863543,0.5628991484323514,0.3805458639371581
"x1,x2,x3",7,1e-05,119,ok,0.3779251466796306,0.04917977333798175,0.19871290666381855,0.3366616684508246,0.3342989764756939,0.2752264726630889,0.5628932563349484,0.38054535947359736
"x1,x2,x3",7,0.0001,119,ok,0.37790311688700273,0.04917080705436638,0.19871296270984723,0.3366314561311512,0.3342833114047657,0.27522572966962056,0.5628347999547182,0.38054028727475797
"x1,x2,x3",7,0.001,119,ok,0.3776984724338069,0.04908749735993082,0.19871829836093763,0.3363528188397134,0.3341327803687143,0.275225375693288,0.5622945306337419,0.38048685663357656
"x1,x2,x3",7,0.01,119,ok,0.37667429763033294,0.04866421867160931,0.19906887455090794,0.335078980997805,0.33308945161950965,0.27568725580121306,0.5597768361601976,0.3797389635729396
"x1,x2,x3",7,0.1,119,ok,0.37778195652128066,0.0457473318738116,0.20524165138272643,0.34029432440464735,0.33684298604236956,0.2862237419131878,0.5520624379653591,0.3734862922808394
"x1,x2,x3",7,1.0,119,ok,0.4249436330221788,0.016697171479869603,0.26024893467224774,0.3940936714025018,0.45547100492373166,0.38202996047160226,0.46796269476888935,0.4251608335441691
"x1,x2,x3",7,10.0,119,ok,0.7405586154283117,0.07440491381789986,0.5215221479994184,0.5839996681444468,1.0240121182471402,0.7128547046930663,0.6815204890972018,0.7004060969597032
"x1,x2,x3",7,100.0,119,ok,1.8938523126356412,0.1574188544735373,1.5326906137227432,1.6759456586273171,2.4892568659677856,1.728471146666817,1.639847437814734,1.9357404541015513
"x1,x2,x3",7,1000.0,119,ok,7.400165172607747,0.3835646389060425,6.521649114124708,8.56619118639244,7.23430299533924,6.2196141060471355,7.75993170964981,7.220785865610114
"x1,x2,x3",8,0.0,164,ok,0.37976626201695113,0.06855506307813954,0.14152316809936197,0.626064239396176,0.3009631656572212,0.2474698015585901,0.42925465849488287,0.29507944497788563
"x1,x2,x3",8,1e-06,164,ok,0.3797646124326938,0.06855333122987779,0.14152316814526317,0.6260527457872798,0.30096155734812974,0.24746951607608053,0.4292600768283755,0.2950791661236035
"x1,x2,x3",8,1e-05,164,ok,0.37974978652146396,0.06853776581816064,0.14152317268109532,0.6259494258610747,0.30094710366650823,0.24746695189724388,0.429308791170115,0.2950766600123781
"x1,x2,x3",8,0.0001,164,ok,0.37960350210006644,0.06838418278218479,0.14152361803049482,0.6249282067542146,0.30080462459149987,0.2474418089856739,0.42979092114741596,0.2950519490215277
"x1,x2,x3",8,0.001,164,ok,0.3783053235882918,0.06702916082998335,0.14156115431431776,0.615779025533892,0.29955853034789187,0.24723016499721373,0.43412262704922433,0.294836270013237
"x1,x2,x3",8,0.01,164,ok,0.37144982603746207,0.06083711123657831,0.14286910320761614,0.5716763527102715,0.29422303261736105,0.24623230529656018,0.4509377848297536,0.2941796547333642
"x1,x2,x3",8,0.1,164,ok,0.36324725760589455,0.052411718457715695,0.15328903103524594,0.5206422028112189,0.29170126390633816,0.2511605432562778,0.4542767448846453,0.2984555331709925
"x1,x2,x3",8,1.0,164,ok,0.36530558214298925,0.03423576702409512,0.19239750804536468,0.4988989616205391,0.34211257657869504,0.3040062305647757,0.347595488584861,0.33391465336607534
"x1,x2,x3",8,10.0,164,ok,0.5156568059220564,0.036007169060744124,0.34248692030966177,0.5251833201936144,0.6339378039532687,0.5061326944612168,0.4077145658039248,0.5053156451982572
"x1,x2,x3",8,100.0,164,ok,1.3374015195323672,0.11349775049765096,1.0919955497765914,1.1173016704584608,1.7232994032514406,1.2937578465981106,1.1167811581431888,1.4358675192106354
"x1,x2,x3",8,1000.0,164,ok,5.459017377222841,0.26735604665538376,4.888947386445941,6.395831994386187,5.388942876115275,4.748428276673098,5.503262373445361,5.258621365494287
"x1,x2,x3",9,0.0,219,ok,0.46218060024471697,0.10623115697328887,0.1205927151104916,0.4218868982015196,0.40579259800179174,0.28693021300034005,0.8749243145320105,0.321368977487923
"x1,x2,x3",9,1e-06,219,ok,0.46215690213245153,0.10622540687243599,0.12059271731064629,0.42187469466601896,0.4057498648000665,0.2869182174709926,0.8748800900089476,0.32136164371623244
"x1,x2,x3",9,1e-05,219,ok,0.46194355493857253,0.10617174924320873,0.12059293054248059,0.4217675849708593,0.4053688562092204,0.286811571428503,0.8744736567673383,0.32129610531694175
"x1,x2,x3",9,0.0001,219,ok,0.4598196751421034,0.10548656459690767,0.12061043217328646,0.4209240066784824,0.4018725076980581,0.28585679706595074,0.8697645222352086,0.32068054203281743
"x1,x2,x3",9,0.001,219,ok,0.44303436179490224,0.09662144240356778,0.12114705446624044,0.4202208195246328,0.3810394954468516,0.280595685406311,0.8170559447952879,0.31625986380142795
"x1,x2,x3",9,0.01,219,ok,0.3949281078780784,0.07163013150199837,0.1250556622794892,0.4231517503019509,0.32752689826879366,0.2619970217329133,0.6609777814166135,0.3009870876701209
"x1,x2,x3",9,0.1,219,ok,0.3418882576494316,0.05693584528828733,0.13663141555355804,0.3435267739974294,0.28028970661142233,0.23476155235070112,0.5588513095124031,0.29201194577520195
"x1,x2,x3",9,1.0,219,ok,0.3261472886949497,0.03499379115416931,0.16280585411146167,0.36227089068466983,0.2826690923301366,0.2492637168460035,0.44519790715606045,0.2913348364578783
"x1,x2,x3",9,10.0,219,ok,0.4120560914584894,0.020305710973334314,0.2596583770152442,0.46979612874864063,0.4526288185306432,0.3847153030790388,0.37698871883165863,0.3761514881024661
"x1,x2,x3",9,100.0,219,ok,0.9645884418570698,0.08515191620032586,0.7824985657781995,0.8151693775579767,1.2495178490502017,0.9719124876151748,0.7681678878657121,1.0181746071962838
"x1,x2,x3",9,1000.0,219,ok,4.456292829124094,0.11974193999091647,3.98696155986096,4.7848727592979525,4.577882377476892,4.144769918002924,4.217623899486774,4.556315191355931
"x1,x2,x3",10,0.0,285,ok,0.9348164606413025,0.5309155454269383,0.09988831320515981,0.39778896440094547,0.4795885017969219,0.351136601038388,3.0568244218631535,0.38874381410710346
"x1,x2,x3",10,1e-06,285,ok,0.933603124895142,0.5298922906864021,0.09988835673267457,0.39769335063617245,0.4792586433473412,0.35088074255105584,3.051518399073526,0.3886644888676146
"x1,x2,x3",10,1e-05,285,ok,0.9231244552397216,0.5210368197049302,0.09989239288261827,0.39694697448188376,0.4763947287537813,0.3486658545316864,3.005620562893883,0.3879941555373728
"x1,x2,x3",10,0.0001,285,ok,0.8491934926047428,0.45784092324456716,0.10013519546126652,0.39561462097026945,0.4549427743674392,0.3326784600659472,2.67890510490957,0.3838265027104886
"x1,x2,x3",10,0.001,285,ok,0.6726062412515372,0.30271918645047224,0.10345289729572524,0.42580630833758903,0.38987403850776975,0.2952693227260085,1.8804748346306304,0.37160670205568824
"x1,x2,x3",10,0.01,285,ok,0.4359581784276294,0.09975281280286273,0.11251603254283478,0.45974523976136084,0.32821348852750026,0.26009114603886574,0.8130082138913444,0.3187328039190757
"x1,x2,x3",10,0.1,285,ok,0.33731709692350675,0.047437882918453016,0.12609508168539257,0.3756959224919273,0.2879119770852568,0.236748193687666,0.504363080487604,0.2818663108650794
"x1,x2,x3",10,1.0,285,ok,0.32791665913027385,0.03803601416426507,0.14924754966252712,0.4492331418327993,0.2783454939682248,0.24780852690269373,0.38361261245605904,0.28058352049159224
"x1,x2,x3",10,10.0,285,ok,0.3815728755527191,0.04785543397000523,0.22184986202876514,0.5640417566272182,0.3813709023974312,0.34093855654233546,0.2904234203323379,0.33108974186427265
"x1,x2,x3",10,100.0,285,ok,0.8331104594935985,0.05759075064130603,0.6627003880879094,0.7873458535799622,0.9993607853233527,0.8471575666691337,0.6488964953256775,0.8827915965698662
"x1,x2,x3",10,1000.0,285,ok,3.652972460108477,0.08851850205072676,3.3173918739610366,3.8107928787929195,3.7285009402431597,3.5112544087402755,3.381528407819379,3.8327856649466527
"x1,x2,x3",11,0.0,363,ok,5.676091492696834,4.116227797150372,0.07801311300225004,3.330442635329284,1.2455614675244586,0.9593338657266625,22.039606497307705,0.8055129975960614
"x1,x2,x3",11,1e-06,363,ok,5.351105866688888,3.812606801922986,0.07802195781586443,3.337003876377102,1.2248909341582093,0.9145324893666007,20.488882681441382,0.7902193521011484
"x1,x2,x3",11,1e-05,363,ok,3.8264604013643,2.4229417439806,0.07838211773134224,3.3127821976168748,1.1035325693864722,0.6892766929569757,13.3212952362001,0.7054153106610774
"x1,x2,x3",11,0.0001,363,ok,1.575303164125843,0.6945004493529088,0.0814670948239431,2.070397648272553,0.7531707173995996,0.4390126945426406,4.090752133671279,0.5231826267431433
"x1,x2,x3",11,0.001,363,ok,0.8252884333288659,0.3969817145233644,0.09069416918352655,0.5213775273401204,0.46388092652127655,0.3356735556268572,2.4083032443425134,0.39720691281356135
"x1,x2,x3",11,0.01,363,ok,0.5285048489281248,0.20804276888176734,0.10458113401613052,0.32349241064091333,0.3657627578850253,0.272852403140999,1.3585925975716227,0.3218240754020634
"x1,x2,x3",11,0.1,363,ok,0.37435840810608323,0.08264190876214203,0.12038374790330042,0.3484726814646931,0.30341935927838193,0.2455012982794514,0.697937305043726,0.2764613964641636
"x1,x2,x3",11,1.0,363,ok,0.3270046169030375,0.05112323661975883,0.1417384333796561,0.3309967442828288,0.27258244984549346,0.23478460531878448,0.5220530194727077,0.274606265595373
"x1,x2,x3",11,10.0,363,ok,0.35722328650230833,0.03711828611862898,0.20095986405678112,0.5005997901368155,0.333399516612841,0.30283516658201565,0.3506185511234481,0.2986634080564215
"x1,x2,x3",11,100.0,363,ok,0.6889220082651522,0.04760570795773977,0.5435507245561,0.7246814151561047,0.8054247271832718,0.7030215911594829,0.5150837145951769,0.6963985932317242
"x1,x2,x3",11,1000.0,363,ok,3.13970729663722,0.10720870798166195,2.877701353045372,3.114765178141028,3.2750912625903013,3.174229537573583,2.751611457393094,3.382839047488094
"x1,x2,x3",12,0.0,454,ok,16.905755602870496,6.206338902384332,0.05347344932298985,25.7927630969236,12.817244647581983,6.261523431913297,36.325472153560476,3.3317746843731357
"x1,x2,x3",12,1e-06,454,ok,12.55016106321186,4.165863244832477,0.05380598175444938,22.919620949805584,9.74900818021116,5.009840287507475,21.886551542048885,3.1857843564862027
"x1,x2,x3",12,1e-05,454,ok,7.461407792524272,2.755430125845888,0.057560464354840725,15.461001007718556,4.463697851160797,2.3964651702259703,12.651062855858276,2.334812077657764
"x1,x2,x3",12,0.0001,454,ok,2.9613975380092983,1.158700915608895,0.06817812336825724,5.205128711036896,1.4986509978908162,0.7566497410046173,6.300381668217196,1.046176571896965
"x1,x2,x3",12,0.001,454,ok,1.1194024358990007,0.46083634176804916,0.08231640303177454,1.2079462878470537,0.6230286535022274,0.37401669892936573,2.873427495498631,0.5185930437177254
"x1,x2,x3",12,0.01,454,ok,0.690851770954141,0.3397256248773497,0.09828187184146135,0.34240384907617805,0.41047868751373534,0.2834793965568267,2.0472337261846216,0.37066319543934284
"x1,x2,x3",12,0.1,454,ok,0.3913652122549244,0.09376405591948658,0.1148096955789045,0.3401400929801143,0.3229926316995936,0.2502108738860457,0.7611308521404146,0.28235161056845387
"x1,x2,x3",12,1.0,454,ok,0.32528819949076687,0.04473541390572312,0.1357347217519722,0.34481045958659096,0.28389052409081594,0.2380415977616138,0.4902223980595373,0.2694760179552763
"x1,x2,x3",12,10.0,454,ok,0.3620812669722123,0.057827906970967166,0.19081958594832119,0.5921315144062236,0.32688457849576685,0.3027844270668673,0.2970855326308369,0.29152028226136706
"x1,x2,x3",12,100.0,454,ok,0.6743926845997115,0.049955004591165676,0.5106632060211851,0.802429329485259,0.7430293548874397,0.6682879933105201,0.5062722302829512,0.6519445150323869
"x1,x2,x3",12,1000.0,454,ok,2.8368071663262184,0.10252854712099216,2.6009618302996658,2.7688844506557673,2.928871631647192,2.8991242840597193,2.485737102292248,3.1014183629761662
